Mineral,URL,Imagenes,Texto
Augita,https://www.ugr.es/~minpet/pages/docencia/opticamineral/paginas/augita.htm,https://www.ugr.es/~minpet/pages/docencia/opticamineral/paginas/bdsil.JPG | https://www.ugr.es/~minpet/pages/docencia/opticamineral/paginas/bdnesopb.JPG | https://www.ugr.es/~minpet/pages/docencia/opticamineral/paginas/bdcuadp.JPG | https://www.ugr.es/~minpet/pages/docencia/opticamineral/paginas/bdsorop.JPG | https://www.ugr.es/~minpet/pages/docencia/opticamineral/paginas/bdciclop.JPG | https://www.ugr.es/~minpet/pages/docencia/opticamineral/paginas/bdinop.JPG | https://www.ugr.es/~minpet/pages/docencia/opticamineral/paginas/bdfilop.JPG | https://www.ugr.es/~minpet/pages/docencia/opticamineral/paginas/bdtectop.JPG | https://www.ugr.es/~minpet/pages/docencia/opticamineral/paginas/bdol.gif | https://www.ugr.es/~minpet/pages/docencia/opticamineral/paginas/inicio.JPG | https://www.ugr.es/~minpet/pages/docencia/opticamineral/paginas/propiedades.JPG | https://www.ugr.es/~minpet/pages/docencia/opticamineral/paginas/tutorial.JPG | https://www.ugr.es/~minpet/pages/docencia/opticamineral/paginas/identifica.JPG | https://www.ugr.es/~minpet/pages/docencia/opticamineral/paginas/nuevo-4R1C1.JPG | https://www.ugr.es/~minpet/pages/docencia/opticamineral/paginas/bdaug.JPG | https://www.ugr.es/~minpet/pages/docencia/opticamineral/paginas/bdimagcom.JPG | https://www.ugr.es/~minpet/pages/docencia/opticamineral/paginas/bdimanal.JPG | https://www.ugr.es/~minpet/pages/docencia/opticamineral/paginas/bdcampfu.JPG | https://www.ugr.es/~minpet/pages/docencia/opticamineral/paginas/bdanalfub.JPG | https://www.ugr.es/~minpet/pages/docencia/opticamineral/paginas/bdanden.JPG | https://www.ugr.es/~minpet/pages/docencia/opticamineral/paginas/bdesc.JPG | https://www.ugr.es/~minpet/pages/docencia/opticamineral/paginas/bdamp.JPG | https://www.ugr.es/~minpet/pages/docencia/opticamineral/paginas/bdimmas.JPG | https://www.ugr.es/~minpet/pages/docencia/opticamineral/paginas/bdcampden.JPG | https://www.ugr.es/~minpet/pages/docencia/opticamineral/paginas/bdtit.JPG | https://www.ugr.es/~minpet/pages/docencia/opticamineral/paginas/bdandenb.JPG | https://www.ugr.es/~minpet/pages/docencia/opticamineral/paginas/bdanalfu.JPG | https://www.ugr.es/~minpet/pages/docencia/opticamineral/paginas/bdaugx.JPG | https://www.ugr.es/~minpet/pages/docencia/opticamineral/paginas/bdsinesc.JPG | https://www.ugr.es/~minpet/pages/docencia/opticamineral/paginas/escol1.JPG | https://www.ugr.es/~minpet/pages/docencia/opticamineral/paginas/bdol2.JPG | https://www.ugr.es/~minpet/pages/docencia/opticamineral/paginas/bdol2x.JPG | https://www.ugr.es/~minpet/pages/docencia/opticamineral/paginas/escol1.JPG | https://www.ugr.es/~minpet/pages/docencia/opticamineral/paginas/bdanalfub.JPG | https://www.ugr.es/~minpet/pages/docencia/opticamineral/paginas/bdanalfu.JPG | https://www.ugr.es/~minpet/pages/docencia/opticamineral/paginas/bdanden.JPG | https://www.ugr.es/~minpet/pages/docencia/opticamineral/paginas/bdandenb.JPG | https://www.ugr.es/~minpet/pages/docencia/opticamineral/paginas/bdmas3.JPG | https://www.ugr.es/~minpet/pages/docencia/opticamineral/paginas/bdmas2.JPG | https://www.ugr.es/~minpet/pages/docencia/opticamineral/paginas/bdmas1.JPG | https://www.ugr.es/~minpet/pages/docencia/opticamineral/paginas/bdmas0.JPG | https://www.ugr.es/~minpet/pages/docencia/opticamineral/paginas/bdol3.JPG | https://www.ugr.es/~minpet/pages/docencia/opticamineral/paginas/bdol3x.JPG | https://www.ugr.es/~minpet/pages/docencia/opticamineral/paginas/escol1.JPG | https://www.ugr.es/~minpet/pages/docencia/opticamineral/paginas/bdanalfub.JPG | https://www.ugr.es/~minpet/pages/docencia/opticamineral/paginas/bdanalfu.JPG | https://www.ugr.es/~minpet/pages/docencia/opticamineral/paginas/bdanden.JPG | https://www.ugr.es/~minpet/pages/docencia/opticamineral/paginas/bdandenb.JPG | https://www.ugr.es/~minpet/pages/docencia/opticamineral/paginas/bdamp.JPG | https://www.ugr.es/~minpet/pages/docencia/opticamineral/paginas/bdamp.JPG | https://www.ugr.es/~minpet/pages/docencia/opticamineral/paginas/bdamp.JPG | https://www.ugr.es/~minpet/pages/docencia/opticamineral/paginas/bdamp.JPG | https://www.ugr.es/~minpet/pages/docencia/opticamineral/paginas/bdamp.JPG | https://www.ugr.es/~minpet/pages/docencia/opticamineral/paginas/bdrest.JPG | https://www.ugr.es/~minpet/pages/docencia/opticamineral/paginas/bdimagpb.JPG | https://www.ugr.es/~minpet/pages/docencia/opticamineral/paginas/bdimagesta.JPG | https://www.ugr.es/~minpet/pages/docencia/opticamineral/paginas/bdimagotra.JPG | https://www.ugr.es/~minpet/pages/docencia/opticamineral/paginas/bdtitand.JPG | https://www.ugr.es/~minpet/pages/docencia/opticamineral/paginas/bdimagaug.JPG,"Base de datos. Augita. AUGITA (Ca,Mg,Fe) 2 (Si,Al) 2 O 6 Hábito: prismático 
              corto (c), granular, base cuadrada u octogonal Exfoliación: (110) 
              buena 87°; partición (100) y (010) Maclas: común: 
              (100) simple o múltiple, (001) múltiple Color/Pleocroismo: incoloro, 
              verde pálido o gris; rosado o marrón (rica en Ti). 
              Pleocr. débil a moderado, Z o X>Y Relieve: alto 
              + Ng: 1,703-1,774 Nm: 1,672-1,741 Np: 1,671...1,735 Birrefringencia: 0,018-0,033 Color 
              de interferencia: 2 Ángulo 
              de extinción: 35-45 Signo 
              de elongación: Tipo 
              óptico: biáxico Signo 
              Óptico: positivo 2V: 25-61 Otros 
              datos: Zonación 
              común. Alteración: clorita, anfíbol, (epidota, 
              calcita). Augita Ti: dispersión fuerte, zonación reloj 
              de arena. (Mg,Fe)2SiO4 (Mg,Fe)2SiO4 Andalucita Augita Biotita Cianita Clorita Cloritoide Cordierita Cuarzo Diopsido Epidota Estaurolita Glaucofana Granate Hauyna Hornblenda Leucita Microclina Nefelina Olivino Ortoanfíbol Ortopiroxeno Ortoclasa Oxihornblenda Plagioclasa Rutilo Serpentina Sillimanita Talco Titanita Turmalina Zircón ............................................ Diopsido Roca plutónica Olivino xenomorfo Roca plutónica Olivino idiomorfo Roca volcánica Apatito Calcita Dolomita Espinela Rutilo Yeso ........................................... Seleccione 
    un mineral de la lista que se muestra a continuación Seleccione un inosilicato --------------------------- Piroxenos --------------------------- Augita Diopsido Ortopiroxeno --------------------------- Anfíboles --------------------------- Glaucofana Hornblenda Ortoanfibol Oxihornblenda Seleccione 
    un mineral de la lista o elija un grupo de la izquierda"
Andalucita,https://www.ugr.es/~minpet/pages/docencia/opticamineral/paginas/andal.htm,https://www.ugr.es/~minpet/pages/docencia/opticamineral/paginas/bdsil.JPG | https://www.ugr.es/~minpet/pages/docencia/opticamineral/paginas/bdnesopb.JPG | https://www.ugr.es/~minpet/pages/docencia/opticamineral/paginas/bdcuadp.JPG | https://www.ugr.es/~minpet/pages/docencia/opticamineral/paginas/bdsorop.JPG | https://www.ugr.es/~minpet/pages/docencia/opticamineral/paginas/bdciclop.JPG | https://www.ugr.es/~minpet/pages/docencia/opticamineral/paginas/bdinop.JPG | https://www.ugr.es/~minpet/pages/docencia/opticamineral/paginas/bdfilop.JPG | https://www.ugr.es/~minpet/pages/docencia/opticamineral/paginas/bdtectop.JPG | https://www.ugr.es/~minpet/pages/docencia/opticamineral/paginas/bdol.gif | https://www.ugr.es/~minpet/pages/docencia/opticamineral/paginas/inicio.JPG | https://www.ugr.es/~minpet/pages/docencia/opticamineral/paginas/propiedades.JPG | https://www.ugr.es/~minpet/pages/docencia/opticamineral/paginas/tutorial.JPG | https://www.ugr.es/~minpet/pages/docencia/opticamineral/paginas/identifica.JPG | https://www.ugr.es/~minpet/pages/docencia/opticamineral/paginas/nuevo-4R1C1.JPG | https://www.ugr.es/~minpet/pages/docencia/opticamineral/paginas/bdand1.JPG | https://www.ugr.es/~minpet/pages/docencia/opticamineral/paginas/bdimagcom.JPG | https://www.ugr.es/~minpet/pages/docencia/opticamineral/paginas/bdimanal.JPG | https://www.ugr.es/~minpet/pages/docencia/opticamineral/paginas/bdcampfu.JPG | https://www.ugr.es/~minpet/pages/docencia/opticamineral/paginas/bdanalfub.JPG | https://www.ugr.es/~minpet/pages/docencia/opticamineral/paginas/bdanden.JPG | https://www.ugr.es/~minpet/pages/docencia/opticamineral/paginas/bdesc.JPG | https://www.ugr.es/~minpet/pages/docencia/opticamineral/paginas/bdamp.JPG | https://www.ugr.es/~minpet/pages/docencia/opticamineral/paginas/bdimmas.JPG | https://www.ugr.es/~minpet/pages/docencia/opticamineral/paginas/bdcampden.JPG | https://www.ugr.es/~minpet/pages/docencia/opticamineral/paginas/bdtit.JPG | https://www.ugr.es/~minpet/pages/docencia/opticamineral/paginas/bdandenb.JPG | https://www.ugr.es/~minpet/pages/docencia/opticamineral/paginas/bdanalfu.JPG | https://www.ugr.es/~minpet/pages/docencia/opticamineral/paginas/bdand1x.JPG | https://www.ugr.es/~minpet/pages/docencia/opticamineral/paginas/bdsinesc.JPG | https://www.ugr.es/~minpet/pages/docencia/opticamineral/paginas/escol1.JPG | https://www.ugr.es/~minpet/pages/docencia/opticamineral/paginas/bdol2.JPG | https://www.ugr.es/~minpet/pages/docencia/opticamineral/paginas/bdol2x.JPG | https://www.ugr.es/~minpet/pages/docencia/opticamineral/paginas/escol1.JPG | https://www.ugr.es/~minpet/pages/docencia/opticamineral/paginas/bdanalfub.JPG | https://www.ugr.es/~minpet/pages/docencia/opticamineral/paginas/bdanalfu.JPG | https://www.ugr.es/~minpet/pages/docencia/opticamineral/paginas/bdanden.JPG | https://www.ugr.es/~minpet/pages/docencia/opticamineral/paginas/bdandenb.JPG | https://www.ugr.es/~minpet/pages/docencia/opticamineral/paginas/bdmas3.JPG | https://www.ugr.es/~minpet/pages/docencia/opticamineral/paginas/bdmas2.JPG | https://www.ugr.es/~minpet/pages/docencia/opticamineral/paginas/bdmas1.JPG | https://www.ugr.es/~minpet/pages/docencia/opticamineral/paginas/bdmas0.JPG | https://www.ugr.es/~minpet/pages/docencia/opticamineral/paginas/bdol3.JPG | https://www.ugr.es/~minpet/pages/docencia/opticamineral/paginas/bdol3x.JPG | https://www.ugr.es/~minpet/pages/docencia/opticamineral/paginas/escol1.JPG | https://www.ugr.es/~minpet/pages/docencia/opticamineral/paginas/bdanalfub.JPG | https://www.ugr.es/~minpet/pages/docencia/opticamineral/paginas/bdanalfu.JPG | https://www.ugr.es/~minpet/pages/docencia/opticamineral/paginas/bdanden.JPG | https://www.ugr.es/~minpet/pages/docencia/opticamineral/paginas/bdandenb.JPG | https://www.ugr.es/~minpet/pages/docencia/opticamineral/paginas/bdamp.JPG | https://www.ugr.es/~minpet/pages/docencia/opticamineral/paginas/bdamp.JPG | https://www.ugr.es/~minpet/pages/docencia/opticamineral/paginas/bdamp.JPG | https://www.ugr.es/~minpet/pages/docencia/opticamineral/paginas/bdamp.JPG | https://www.ugr.es/~minpet/pages/docencia/opticamineral/paginas/bdamp.JPG | https://www.ugr.es/~minpet/pages/docencia/opticamineral/paginas/bdrest.JPG | https://www.ugr.es/~minpet/pages/docencia/opticamineral/paginas/bdimagpb.JPG | https://www.ugr.es/~minpet/pages/docencia/opticamineral/paginas/bdimagesta.JPG | https://www.ugr.es/~minpet/pages/docencia/opticamineral/paginas/bdimagotra.JPG | https://www.ugr.es/~minpet/pages/docencia/opticamineral/paginas/bdtitand.JPG | https://www.ugr.es/~minpet/pages/docencia/opticamineral/paginas/bdimagand.JPG,"Base de datos. Andalucita. ANDALUCITA Al 2 SiO 5 Hábito: prismático, 
              granular, anhédrico; inclusiones común Exfoliación: (110) 
              buena 89°, (100) pobre Maclas: rara 
              (101) Color/Pleocroismo: incoloro, 
              rosado (Fe) o verde pálido (Mn) Relieve: medio 
              + Ng: 1,644-1,650 Nm: 1,639-1,644 Np: 1,633-1,642 Birrefringencia: 0,009-0,012 Color 
              de interferencia: 1 Ángulo 
              de extinción: 0 Signo 
              de elongación: negativo Tipo 
              óptico: biáxico Signo 
              Óptico: negativo 
              (+ Mn) 2V: 73-86 Otros 
              datos: Inclusiones 
              grafito en cruz (quiastolita). Alteración: 
              sericita; inversión a distena o sillimanita. (Mg,Fe)2SiO4 (Mg,Fe)2SiO4 Andalucita 
        rosada en el núcleo Roca metamórfica Olivino xenomorfo Roca plutónica Olivino idiomorfo Roca volcánica Apatito Calcita Dolomita Espinela Rutilo Yeso ........................................... Seleccione 
    un mineral de la lista que se muestra a continuación Seleccione un nesosilicato Olivino Granate Andalucita Sillimanita Distena Cloritoide Estaurolita Titanita Zircón Seleccione 
    un mineral de la lista o elija un grupo de la izquierda ............................................ Andalucita Augita Biotita Cianita Clorita Cloritoide Cordierita Cuarzo Diopsido Epidota Estaurolita Glaucofana Granate Hauyna Hornblenda Leucita Microclina Nefelina Olivino Ortoanfíbol Ortopiroxeno Ortoclasa Oxihornblenda Plagioclasa Rutilo Serpentina Sillimanita Talco Titanita Turmalina Zircón"
Biotita,https://www.ugr.es/~minpet/pages/docencia/opticamineral/paginas/biot.htm,https://www.ugr.es/~minpet/pages/docencia/opticamineral/paginas/bdsil.JPG | https://www.ugr.es/~minpet/pages/docencia/opticamineral/paginas/bdnesop.JPG | https://www.ugr.es/~minpet/pages/docencia/opticamineral/paginas/bdcuadp.JPG | https://www.ugr.es/~minpet/pages/docencia/opticamineral/paginas/bdsorop.JPG | https://www.ugr.es/~minpet/pages/docencia/opticamineral/paginas/bdciclop.JPG | https://www.ugr.es/~minpet/pages/docencia/opticamineral/paginas/bdinop.JPG | https://www.ugr.es/~minpet/pages/docencia/opticamineral/paginas/bdfilopb.JPG | https://www.ugr.es/~minpet/pages/docencia/opticamineral/paginas/bdtectop.JPG | https://www.ugr.es/~minpet/pages/docencia/opticamineral/paginas/bdol.gif | https://www.ugr.es/~minpet/pages/docencia/opticamineral/paginas/inicio.JPG | https://www.ugr.es/~minpet/pages/docencia/opticamineral/paginas/propiedades.JPG | https://www.ugr.es/~minpet/pages/docencia/opticamineral/paginas/tutorial.JPG | https://www.ugr.es/~minpet/pages/docencia/opticamineral/paginas/identifica.JPG | https://www.ugr.es/~minpet/pages/docencia/opticamineral/paginas/nuevo-4R1C1.JPG | https://www.ugr.es/~minpet/pages/docencia/opticamineral/paginas/bdbiot1.JPG | https://www.ugr.es/~minpet/pages/docencia/opticamineral/paginas/bdimagcom.JPG | https://www.ugr.es/~minpet/pages/docencia/opticamineral/paginas/bdimanal.JPG | https://www.ugr.es/~minpet/pages/docencia/opticamineral/paginas/bdcampfu.JPG | https://www.ugr.es/~minpet/pages/docencia/opticamineral/paginas/bdanalfub.JPG | https://www.ugr.es/~minpet/pages/docencia/opticamineral/paginas/bdanden.JPG | https://www.ugr.es/~minpet/pages/docencia/opticamineral/paginas/bdesc.JPG | https://www.ugr.es/~minpet/pages/docencia/opticamineral/paginas/bdamp.JPG | https://www.ugr.es/~minpet/pages/docencia/opticamineral/paginas/bdimmas.JPG | https://www.ugr.es/~minpet/pages/docencia/opticamineral/paginas/bdcampden.JPG | https://www.ugr.es/~minpet/pages/docencia/opticamineral/paginas/bdtit.JPG | https://www.ugr.es/~minpet/pages/docencia/opticamineral/paginas/bdandenb.JPG | https://www.ugr.es/~minpet/pages/docencia/opticamineral/paginas/bdanalfu.JPG | https://www.ugr.es/~minpet/pages/docencia/opticamineral/paginas/bdbiot1x.JPG | https://www.ugr.es/~minpet/pages/docencia/opticamineral/paginas/bdsinesc.JPG | https://www.ugr.es/~minpet/pages/docencia/opticamineral/paginas/escsil2.JPG | https://www.ugr.es/~minpet/pages/docencia/opticamineral/paginas/bdgran3.JPG | https://www.ugr.es/~minpet/pages/docencia/opticamineral/paginas/bdgran3x.JPG | https://www.ugr.es/~minpet/pages/docencia/opticamineral/paginas/escol1.JPG | https://www.ugr.es/~minpet/pages/docencia/opticamineral/paginas/bdanalfub.JPG | https://www.ugr.es/~minpet/pages/docencia/opticamineral/paginas/bdanalfu.JPG | https://www.ugr.es/~minpet/pages/docencia/opticamineral/paginas/bdanden.JPG | https://www.ugr.es/~minpet/pages/docencia/opticamineral/paginas/bdandenb.JPG | https://www.ugr.es/~minpet/pages/docencia/opticamineral/paginas/bdmasil3.JPG | https://www.ugr.es/~minpet/pages/docencia/opticamineral/paginas/bdmasbt2.jpg | https://www.ugr.es/~minpet/pages/docencia/opticamineral/paginas/bdmasbt1.JPG | https://www.ugr.es/~minpet/pages/docencia/opticamineral/paginas/bdmas0.JPG | https://www.ugr.es/~minpet/pages/docencia/opticamineral/paginas/bdbiot2.JPG | https://www.ugr.es/~minpet/pages/docencia/opticamineral/paginas/bdbiot2x.JPG | https://www.ugr.es/~minpet/pages/docencia/opticamineral/paginas/escsil2.JPG | https://www.ugr.es/~minpet/pages/docencia/opticamineral/paginas/bdanalfub.JPG | https://www.ugr.es/~minpet/pages/docencia/opticamineral/paginas/bdanalfu.JPG | https://www.ugr.es/~minpet/pages/docencia/opticamineral/paginas/bdanden.JPG | https://www.ugr.es/~minpet/pages/docencia/opticamineral/paginas/bdandenb.JPG | https://www.ugr.es/~minpet/pages/docencia/opticamineral/paginas/bdamp.JPG | https://www.ugr.es/~minpet/pages/docencia/opticamineral/paginas/bdamp.JPG | https://www.ugr.es/~minpet/pages/docencia/opticamineral/paginas/bdamp.JPG | https://www.ugr.es/~minpet/pages/docencia/opticamineral/paginas/bdamp.JPG | https://www.ugr.es/~minpet/pages/docencia/opticamineral/paginas/bdamp.JPG | https://www.ugr.es/~minpet/pages/docencia/opticamineral/paginas/bdrest.JPG | https://www.ugr.es/~minpet/pages/docencia/opticamineral/paginas/bdimagpb.JPG | https://www.ugr.es/~minpet/pages/docencia/opticamineral/paginas/bdimagesta.JPG | https://www.ugr.es/~minpet/pages/docencia/opticamineral/paginas/bdimagotra.JPG | https://www.ugr.es/~minpet/pages/docencia/opticamineral/paginas/bdesc.JPG | https://www.ugr.es/~minpet/pages/docencia/opticamineral/paginas/bdsinesc.JPG | https://www.ugr.es/~minpet/pages/docencia/opticamineral/paginas/bdtitand.JPG | https://www.ugr.es/~minpet/pages/docencia/opticamineral/paginas/bdimagabio.JPG,"Base de datos. Biotita. (Mg,Fe)2SiO4 (Mg,Fe)2SiO4 Seleccione un filosilicato Biotita Clorita Moscovita Serpentina Talco Biotita Roca metamórfica Granate 
        rosado Roca metamórfica Biotita Roca ígnea Apatito Calcita Dolomita Espinela Rutilo Yeso ........................................... Seleccione 
    un mineral de la lista que se muestra a continuación BIOTITA K(Fe,Mg) 3 (Si 3 Al)O 10 (OH,F) 2 Hábito: laminar 
              y tabular (001), ps.hexagonal, prismático (hk0) Exfoliación: (001) 
              perfecta Maclas: (001), 
              raramente visible Color/Pleocroismo: marrón, 
              verde, rojo. Pleocrismo fuerte: Z=Y(marrón,verde,rojizo) 
              >X(amarillo,verde,marrón) Relieve: medio 
              + Ng: 1,605-1,696 Nm: 1,605-1,696 Np: 1,565-1,625 Birrefringencia: 0,040-0,080 Color 
              de interferencia: 3, 
              4 Ángulo 
              de extinción: 0-9 Signo 
              de elongación: positivo Tipo 
              óptico: biáxico, 
              ps.uniax. Signo 
              Óptico: negativo 2V: 0-25 Otros 
                    datos: Extinción 
                    moteada y subrecta. Halos negros en torno a zircón. 
                    2V generalm. <10. Ti confiere tonos rojizos. Alteración: vermiculita, clorita, moscovita, óxidos, 
                    etc. Seleccione 
    un mineral de la lista o elija un grupo de la izquierda ............................................ Andalucita Augita Biotita Cianita Clorita Cloritoide Cordierita Cuarzo Diopsido Epidota Estaurolita Glaucofana Granate Hauyna Hornblenda Leucita Microclina Nefelina Olivino Ortoanfíbol Ortopiroxeno Ortoclasa Oxihornblenda Plagioclasa Rutilo Serpentina Sillimanita Talco Titanita Turmalina Zircón"
Cianita,https://www.ugr.es/~minpet/pages/docencia/opticamineral/paginas/cian.htm,https://www.ugr.es/~minpet/pages/docencia/opticamineral/paginas/bdsil.JPG | https://www.ugr.es/~minpet/pages/docencia/opticamineral/paginas/bdnesopb.JPG | https://www.ugr.es/~minpet/pages/docencia/opticamineral/paginas/bdcuadp.JPG | https://www.ugr.es/~minpet/pages/docencia/opticamineral/paginas/bdsorop.JPG | https://www.ugr.es/~minpet/pages/docencia/opticamineral/paginas/bdciclop.JPG | https://www.ugr.es/~minpet/pages/docencia/opticamineral/paginas/bdinop.JPG | https://www.ugr.es/~minpet/pages/docencia/opticamineral/paginas/bdfilop.JPG | https://www.ugr.es/~minpet/pages/docencia/opticamineral/paginas/bdtectop.JPG | https://www.ugr.es/~minpet/pages/docencia/opticamineral/paginas/bdol.gif | https://www.ugr.es/~minpet/pages/docencia/opticamineral/paginas/inicio.JPG | https://www.ugr.es/~minpet/pages/docencia/opticamineral/paginas/propiedades.JPG | https://www.ugr.es/~minpet/pages/docencia/opticamineral/paginas/tutorial.JPG | https://www.ugr.es/~minpet/pages/docencia/opticamineral/paginas/identifica.JPG | https://www.ugr.es/~minpet/pages/docencia/opticamineral/paginas/nuevo-4R1C1.JPG | https://www.ugr.es/~minpet/pages/docencia/opticamineral/paginas/bdand1.JPG | https://www.ugr.es/~minpet/pages/docencia/opticamineral/paginas/bdimagcom.JPG | https://www.ugr.es/~minpet/pages/docencia/opticamineral/paginas/bdimanal.JPG | https://www.ugr.es/~minpet/pages/docencia/opticamineral/paginas/bdcampfu.JPG | https://www.ugr.es/~minpet/pages/docencia/opticamineral/paginas/bdanalfub.JPG | https://www.ugr.es/~minpet/pages/docencia/opticamineral/paginas/bdanden.JPG | https://www.ugr.es/~minpet/pages/docencia/opticamineral/paginas/bdesc.JPG | https://www.ugr.es/~minpet/pages/docencia/opticamineral/paginas/bdamp.JPG | https://www.ugr.es/~minpet/pages/docencia/opticamineral/paginas/bdimmas.JPG | https://www.ugr.es/~minpet/pages/docencia/opticamineral/paginas/bdcampden.JPG | https://www.ugr.es/~minpet/pages/docencia/opticamineral/paginas/bdtit.JPG | https://www.ugr.es/~minpet/pages/docencia/opticamineral/paginas/bdandenb.JPG | https://www.ugr.es/~minpet/pages/docencia/opticamineral/paginas/bdanalfu.JPG | https://www.ugr.es/~minpet/pages/docencia/opticamineral/paginas/bdand1x.JPG | https://www.ugr.es/~minpet/pages/docencia/opticamineral/paginas/bdsinesc.JPG | https://www.ugr.es/~minpet/pages/docencia/opticamineral/paginas/escol1.JPG | https://www.ugr.es/~minpet/pages/docencia/opticamineral/paginas/bdol2.JPG | https://www.ugr.es/~minpet/pages/docencia/opticamineral/paginas/bdol2x.JPG | https://www.ugr.es/~minpet/pages/docencia/opticamineral/paginas/escol1.JPG | https://www.ugr.es/~minpet/pages/docencia/opticamineral/paginas/bdanalfub.JPG | https://www.ugr.es/~minpet/pages/docencia/opticamineral/paginas/bdanalfu.JPG | https://www.ugr.es/~minpet/pages/docencia/opticamineral/paginas/bdanden.JPG | https://www.ugr.es/~minpet/pages/docencia/opticamineral/paginas/bdandenb.JPG | https://www.ugr.es/~minpet/pages/docencia/opticamineral/paginas/bdmas3.JPG | https://www.ugr.es/~minpet/pages/docencia/opticamineral/paginas/bdmas2.JPG | https://www.ugr.es/~minpet/pages/docencia/opticamineral/paginas/bdmas1.JPG | https://www.ugr.es/~minpet/pages/docencia/opticamineral/paginas/bdmas0.JPG | https://www.ugr.es/~minpet/pages/docencia/opticamineral/paginas/bdol3.JPG | https://www.ugr.es/~minpet/pages/docencia/opticamineral/paginas/bdol3x.JPG | https://www.ugr.es/~minpet/pages/docencia/opticamineral/paginas/escol1.JPG | https://www.ugr.es/~minpet/pages/docencia/opticamineral/paginas/bdanalfub.JPG | https://www.ugr.es/~minpet/pages/docencia/opticamineral/paginas/bdanalfu.JPG | https://www.ugr.es/~minpet/pages/docencia/opticamineral/paginas/bdanden.JPG | https://www.ugr.es/~minpet/pages/docencia/opticamineral/paginas/bdandenb.JPG | https://www.ugr.es/~minpet/pages/docencia/opticamineral/paginas/bdamp.JPG | https://www.ugr.es/~minpet/pages/docencia/opticamineral/paginas/bdamp.JPG | https://www.ugr.es/~minpet/pages/docencia/opticamineral/paginas/bdamp.JPG | https://www.ugr.es/~minpet/pages/docencia/opticamineral/paginas/bdamp.JPG | https://www.ugr.es/~minpet/pages/docencia/opticamineral/paginas/bdamp.JPG | https://www.ugr.es/~minpet/pages/docencia/opticamineral/paginas/bdrest.JPG | https://www.ugr.es/~minpet/pages/docencia/opticamineral/paginas/bdimagpb.JPG | https://www.ugr.es/~minpet/pages/docencia/opticamineral/paginas/bdimagesta.JPG | https://www.ugr.es/~minpet/pages/docencia/opticamineral/paginas/bdimagotra.JPG | https://www.ugr.es/~minpet/pages/docencia/opticamineral/paginas/bdtitand.JPG | https://www.ugr.es/~minpet/pages/docencia/opticamineral/paginas/bdimagand.JPG,"Base de datos. Cianita. CIANITA 
        (Distena) Al 2 SiO 5 Hábito: prismático 
              o columnar (c), tabular Exfoliación: (100) 
              perfecta, (010) buena; (001) partición basal Maclas: común: 
              (100) simple, multiple; (001) múltiple, menos común Color/Pleocroismo: incoloro 
              (raro azul pálido) Relieve: alto 
              + Ng: 1,724-1,734 Nm: 1,719-1,724 Np: 1,710-1,718 Birrefringencia: 0,012-0,016 Color 
              de interferencia: 1 Ángulo 
              de extinción: 0-32 Signo 
              de elongación: positivo Tipo 
              óptico: biáxico Signo 
              Óptico: negativo 2V: 78-83 Otros 
              datos: Secc. 
              basales con extinción casi paralela Alteración: 
              sericita, pirofilita, margarita. Invierte a andalucita o sillimanita. Seleccione 
      un silicato de esta lista o elija 
      uno de los grupos que aparecen en el margen izquierdo (Mg,Fe)2SiO4 (Mg,Fe)2SiO4 Andalucita Biotita Cianita Clorita Cloritoide Cordierita Cuarzo Diopsido Epidota Estaurolita Glauconita Granate Hauyna Hornblenda Leucita Microclina Nefelina Olivino Ortoanfíbol Ortopiroxeno Ortoclasa Oxihornblenda Plagioclasa Rutilo Serpentina Sillimanita Talco Titanita Turmalina Zircón ............................................ Andalucita 
        rosada en el núcleo Roca metamórfica Olivino xenomorfo Roca plutónica Olivino idiomorfo Roca volcánica Apatito Calcita Dolomita Espinela Rutilo Yeso ........................................... Seleccione 
    un mineral de la lista que se muestra a continuación Seleccione un nesosilicato Olivino Granate Andalucita Sillimanita Distena Cloritoide Estaurolita Titanita Zircón"
Clorita,https://www.ugr.es/~minpet/pages/docencia/opticamineral/paginas/clorita.htm,https://www.ugr.es/~minpet/pages/docencia/opticamineral/paginas/bdsil.JPG | https://www.ugr.es/~minpet/pages/docencia/opticamineral/paginas/bdnesop.JPG | https://www.ugr.es/~minpet/pages/docencia/opticamineral/paginas/bdcuadp.JPG | https://www.ugr.es/~minpet/pages/docencia/opticamineral/paginas/bdsorop.JPG | https://www.ugr.es/~minpet/pages/docencia/opticamineral/paginas/bdciclop.JPG | https://www.ugr.es/~minpet/pages/docencia/opticamineral/paginas/bdinop.JPG | https://www.ugr.es/~minpet/pages/docencia/opticamineral/paginas/bdfilopb.JPG | https://www.ugr.es/~minpet/pages/docencia/opticamineral/paginas/bdtectop.JPG | https://www.ugr.es/~minpet/pages/docencia/opticamineral/paginas/bdol.gif | https://www.ugr.es/~minpet/pages/docencia/opticamineral/paginas/inicio.JPG | https://www.ugr.es/~minpet/pages/docencia/opticamineral/paginas/propiedades.JPG | https://www.ugr.es/~minpet/pages/docencia/opticamineral/paginas/tutorial.JPG | https://www.ugr.es/~minpet/pages/docencia/opticamineral/paginas/identifica.JPG | https://www.ugr.es/~minpet/pages/docencia/opticamineral/paginas/nuevo-4R1C1.JPG | https://www.ugr.es/~minpet/pages/docencia/opticamineral/paginas/bdclta1.JPG | https://www.ugr.es/~minpet/pages/docencia/opticamineral/paginas/bdimagcom.JPG | https://www.ugr.es/~minpet/pages/docencia/opticamineral/paginas/bdimanal.JPG | https://www.ugr.es/~minpet/pages/docencia/opticamineral/paginas/bdcampfu.JPG | https://www.ugr.es/~minpet/pages/docencia/opticamineral/paginas/bdanalfub.JPG | https://www.ugr.es/~minpet/pages/docencia/opticamineral/paginas/bdanden.JPG | https://www.ugr.es/~minpet/pages/docencia/opticamineral/paginas/bdesc.JPG | https://www.ugr.es/~minpet/pages/docencia/opticamineral/paginas/bdamp.JPG | https://www.ugr.es/~minpet/pages/docencia/opticamineral/paginas/bdimmas.JPG | https://www.ugr.es/~minpet/pages/docencia/opticamineral/paginas/bdcampden.JPG | https://www.ugr.es/~minpet/pages/docencia/opticamineral/paginas/bdtit.JPG | https://www.ugr.es/~minpet/pages/docencia/opticamineral/paginas/bdandenb.JPG | https://www.ugr.es/~minpet/pages/docencia/opticamineral/paginas/bdanalfu.JPG | https://www.ugr.es/~minpet/pages/docencia/opticamineral/paginas/bdclta1x.JPG | https://www.ugr.es/~minpet/pages/docencia/opticamineral/paginas/bdsinesc.JPG | https://www.ugr.es/~minpet/pages/docencia/opticamineral/paginas/escsil2.JPG | https://www.ugr.es/~minpet/pages/docencia/opticamineral/paginas/bdgran3.JPG | https://www.ugr.es/~minpet/pages/docencia/opticamineral/paginas/bdgran3x.JPG | https://www.ugr.es/~minpet/pages/docencia/opticamineral/paginas/escol1.JPG | https://www.ugr.es/~minpet/pages/docencia/opticamineral/paginas/bdanalfub.JPG | https://www.ugr.es/~minpet/pages/docencia/opticamineral/paginas/bdanalfu.JPG | https://www.ugr.es/~minpet/pages/docencia/opticamineral/paginas/bdanden.JPG | https://www.ugr.es/~minpet/pages/docencia/opticamineral/paginas/bdandenb.JPG | https://www.ugr.es/~minpet/pages/docencia/opticamineral/paginas/bdmasil3.JPG | https://www.ugr.es/~minpet/pages/docencia/opticamineral/paginas/bdmascl2.jpg | https://www.ugr.es/~minpet/pages/docencia/opticamineral/paginas/bdmascl1.JPG | https://www.ugr.es/~minpet/pages/docencia/opticamineral/paginas/bdmas0.JPG | https://www.ugr.es/~minpet/pages/docencia/opticamineral/paginas/bdclta3.JPG | https://www.ugr.es/~minpet/pages/docencia/opticamineral/paginas/bdclta3x.JPG | https://www.ugr.es/~minpet/pages/docencia/opticamineral/paginas/escsil2.JPG | https://www.ugr.es/~minpet/pages/docencia/opticamineral/paginas/bdanalfub.JPG | https://www.ugr.es/~minpet/pages/docencia/opticamineral/paginas/bdanalfu.JPG | https://www.ugr.es/~minpet/pages/docencia/opticamineral/paginas/bdanden.JPG | https://www.ugr.es/~minpet/pages/docencia/opticamineral/paginas/bdandenb.JPG | https://www.ugr.es/~minpet/pages/docencia/opticamineral/paginas/bdamp.JPG | https://www.ugr.es/~minpet/pages/docencia/opticamineral/paginas/bdamp.JPG | https://www.ugr.es/~minpet/pages/docencia/opticamineral/paginas/bdamp.JPG | https://www.ugr.es/~minpet/pages/docencia/opticamineral/paginas/bdamp.JPG | https://www.ugr.es/~minpet/pages/docencia/opticamineral/paginas/bdamp.JPG | https://www.ugr.es/~minpet/pages/docencia/opticamineral/paginas/bdrest.JPG | https://www.ugr.es/~minpet/pages/docencia/opticamineral/paginas/bdimagpb.JPG | https://www.ugr.es/~minpet/pages/docencia/opticamineral/paginas/bdimagesta.JPG | https://www.ugr.es/~minpet/pages/docencia/opticamineral/paginas/bdimagotra.JPG | https://www.ugr.es/~minpet/pages/docencia/opticamineral/paginas/bdesc.JPG | https://www.ugr.es/~minpet/pages/docencia/opticamineral/paginas/bdsinesc.JPG | https://www.ugr.es/~minpet/pages/docencia/opticamineral/paginas/bdtitand.JPG | https://www.ugr.es/~minpet/pages/docencia/opticamineral/paginas/bdimagachl.JPG,"Base de datos. Clorita. (Mg,Fe)2SiO4 (Mg,Fe)2SiO4 Seleccione un filosilicato Biotita Clorita Moscovita Serpentina Talco Clorita 
        incolora Roca metamórfica Granate 
        rosado Roca metamórfica Clorita 
          verde pleocroismo débil Roca metamórfica Apatito Calcita Dolomita Espinela Rutilo Yeso ........................................... Seleccione 
    un mineral de la lista que se muestra a continuación CLORITA (Mg,Fe) 5 Al(Si 3 Al)O 10 (OH) 8 Hábito: laminar 
              y tabular (001), agregados fibrosos, masivo Exfoliación: (001) 
              perfecta Maclas: (001) 
              plano de composición Color/Pleocroismo: incoloro, 
              verde. Pleocrismo débil o moderado Z=Y>X ó X=Y>Z Relieve: medio 
              + Ng: 1,57-1,69 Nm: 1,57-1,69 Np: 1,57-1,67 Birrefringencia: 0,00-0,02 Color 
              de interferencia: 1, 
              anómalo Ángulo 
              de extinción: 0-3 Signo 
              de elongación: positivo, 
              negativo Tipo 
              óptico: biáxico, 
              ps.uniax. Signo 
              Óptico: (-)/(+) 2V: 0-70 Otros 
                    datos: Clinocloro 
                    (Mg): (+), elong (-). Chamosita (Fe): (-), elong (+). Nimita 
                    (Ni): (-), elong (+), pleocroismo más fuerte en verde, 
                    2V~15, birr~0,010. Clorita (Cr): violeta-rosada. Color interf. anóm.: marrón (Mg), azul o violeta 
                    (Fe). Seleccione 
    un mineral de la lista o elija un grupo de la izquierda ............................................ Andalucita Augita Biotita Cianita Clorita Cloritoide Cordierita Cuarzo Diopsido Epidota Estaurolita Glaucofana Granate Hauyna Hornblenda Leucita Microclina Nefelina Olivino Ortoanfíbol Ortopiroxeno Ortoclasa Oxihornblenda Plagioclasa Rutilo Serpentina Sillimanita Talco Titanita Turmalina Zircón"
Cloritoide,https://www.ugr.es/~minpet/pages/docencia/opticamineral/paginas/clode.htm,https://www.ugr.es/~minpet/pages/docencia/opticamineral/paginas/bdsil.JPG | https://www.ugr.es/~minpet/pages/docencia/opticamineral/paginas/bdnesopb.JPG | https://www.ugr.es/~minpet/pages/docencia/opticamineral/paginas/bdcuadp.JPG | https://www.ugr.es/~minpet/pages/docencia/opticamineral/paginas/bdsorop.JPG | https://www.ugr.es/~minpet/pages/docencia/opticamineral/paginas/bdciclop.JPG | https://www.ugr.es/~minpet/pages/docencia/opticamineral/paginas/bdinop.JPG | https://www.ugr.es/~minpet/pages/docencia/opticamineral/paginas/bdfilop.JPG | https://www.ugr.es/~minpet/pages/docencia/opticamineral/paginas/bdtectop.JPG | https://www.ugr.es/~minpet/pages/docencia/opticamineral/paginas/bdol.gif | https://www.ugr.es/~minpet/pages/docencia/opticamineral/paginas/inicio.JPG | https://www.ugr.es/~minpet/pages/docencia/opticamineral/paginas/propiedades.JPG | https://www.ugr.es/~minpet/pages/docencia/opticamineral/paginas/tutorial.JPG | https://www.ugr.es/~minpet/pages/docencia/opticamineral/paginas/identifica.JPG | https://www.ugr.es/~minpet/pages/docencia/opticamineral/paginas/nuevo-4R1C1.JPG | https://www.ugr.es/~minpet/pages/docencia/opticamineral/paginas/bdclde1.JPG | https://www.ugr.es/~minpet/pages/docencia/opticamineral/paginas/bdimagcom.JPG | https://www.ugr.es/~minpet/pages/docencia/opticamineral/paginas/bdimanal.JPG | https://www.ugr.es/~minpet/pages/docencia/opticamineral/paginas/bdcampfu.JPG | https://www.ugr.es/~minpet/pages/docencia/opticamineral/paginas/bdanalfub.JPG | https://www.ugr.es/~minpet/pages/docencia/opticamineral/paginas/bdanden.JPG | https://www.ugr.es/~minpet/pages/docencia/opticamineral/paginas/bdesc.JPG | https://www.ugr.es/~minpet/pages/docencia/opticamineral/paginas/bdamp.JPG | https://www.ugr.es/~minpet/pages/docencia/opticamineral/paginas/bdimmas.JPG | https://www.ugr.es/~minpet/pages/docencia/opticamineral/paginas/bdcampden.JPG | https://www.ugr.es/~minpet/pages/docencia/opticamineral/paginas/bdtit.JPG | https://www.ugr.es/~minpet/pages/docencia/opticamineral/paginas/bdandenb.JPG | https://www.ugr.es/~minpet/pages/docencia/opticamineral/paginas/bdanalfu.JPG | https://www.ugr.es/~minpet/pages/docencia/opticamineral/paginas/bdclde1x.JPG | https://www.ugr.es/~minpet/pages/docencia/opticamineral/paginas/bdsinesc.JPG | https://www.ugr.es/~minpet/pages/docencia/opticamineral/paginas/escol1.JPG | https://www.ugr.es/~minpet/pages/docencia/opticamineral/paginas/bdol2.JPG | https://www.ugr.es/~minpet/pages/docencia/opticamineral/paginas/bdol2x.JPG | https://www.ugr.es/~minpet/pages/docencia/opticamineral/paginas/escol1.JPG | https://www.ugr.es/~minpet/pages/docencia/opticamineral/paginas/bdanalfub.JPG | https://www.ugr.es/~minpet/pages/docencia/opticamineral/paginas/bdanalfu.JPG | https://www.ugr.es/~minpet/pages/docencia/opticamineral/paginas/bdanden.JPG | https://www.ugr.es/~minpet/pages/docencia/opticamineral/paginas/bdandenb.JPG | https://www.ugr.es/~minpet/pages/docencia/opticamineral/paginas/bdmas3.JPG | https://www.ugr.es/~minpet/pages/docencia/opticamineral/paginas/bdmas2.JPG | https://www.ugr.es/~minpet/pages/docencia/opticamineral/paginas/bdmas1.JPG | https://www.ugr.es/~minpet/pages/docencia/opticamineral/paginas/bdmas0.JPG | https://www.ugr.es/~minpet/pages/docencia/opticamineral/paginas/bdol3.JPG | https://www.ugr.es/~minpet/pages/docencia/opticamineral/paginas/bdol3x.JPG | https://www.ugr.es/~minpet/pages/docencia/opticamineral/paginas/escol1.JPG | https://www.ugr.es/~minpet/pages/docencia/opticamineral/paginas/bdanalfub.JPG | https://www.ugr.es/~minpet/pages/docencia/opticamineral/paginas/bdanalfu.JPG | https://www.ugr.es/~minpet/pages/docencia/opticamineral/paginas/bdanden.JPG | https://www.ugr.es/~minpet/pages/docencia/opticamineral/paginas/bdandenb.JPG | https://www.ugr.es/~minpet/pages/docencia/opticamineral/paginas/bdamp.JPG | https://www.ugr.es/~minpet/pages/docencia/opticamineral/paginas/bdamp.JPG | https://www.ugr.es/~minpet/pages/docencia/opticamineral/paginas/bdamp.JPG | https://www.ugr.es/~minpet/pages/docencia/opticamineral/paginas/bdamp.JPG | https://www.ugr.es/~minpet/pages/docencia/opticamineral/paginas/bdamp.JPG | https://www.ugr.es/~minpet/pages/docencia/opticamineral/paginas/bdrest.JPG | https://www.ugr.es/~minpet/pages/docencia/opticamineral/paginas/bdimagpb.JPG | https://www.ugr.es/~minpet/pages/docencia/opticamineral/paginas/bdimagesta.JPG | https://www.ugr.es/~minpet/pages/docencia/opticamineral/paginas/bdimagotra.JPG | https://www.ugr.es/~minpet/pages/docencia/opticamineral/paginas/bdtitand.JPG | https://www.ugr.es/~minpet/pages/docencia/opticamineral/paginas/bdimagcde.JPG,"Base de datos. Cloritoide. CLORITOIDE (Fe, Mg, Mn)Al 2 SiO 5 (OH) 2 Hábito: tabular 
              (001), secciones alargadas (hk0); común inclusiones Exfoliación: (001) 
              perfecta, (110) pobre; partición (010) Maclas: (001) 
              simple o lamelar, paralela a exfoliación Color/Pleocroismo: incoloro 
              (Mg) a verde, azulado (Fe,Mn) X=verde grisáceo, 
        Y=azulado, Z=incoloro, amarillo, verde pálido Relieve: alto 
              + Ng: 1,712-1,740 Nm: 1,708-1,734 Np: 1,705-1,730 Birrefringencia: 0,005-0,022 Color 
              de interferencia: 1, 
              anómalo Ángulo 
              de extinción: 2-30 Signo 
              de elongación: negativo Tipo 
              óptico: biáxico Signo 
              Óptico: positivo 
              (- raro) 2V: 37-90 Otros 
              datos: Generalm. 
              variedades monoclínicas (+) y triclínicas (-). Zonación 
              (a veces estructura reloj de arena); inclusiones común. Alteración: clorita, sericita, oxi/hidróxidos de Fe. (Mg,Fe)2SiO4 (Mg,Fe)2SiO4 Clde. 
        con color interf. anómalo Roca metamórfica Olivino xenomorfo Roca plutónica Olivino idiomorfo Roca volcánica Apatito Calcita Dolomita Espinela Rutilo Yeso ........................................... Seleccione 
    un mineral de la lista que se muestra a continuación Seleccione un nesosilicato Olivino Granate Andalucita Sillimanita Distena Cloritoide Estaurolita Titanita Zircón ............................................ Andalucita Augita Biotita Cianita Clorita Cloritoide Cordierita Cuarzo Diopsido Epidota Estaurolita Glaucofana Granate Hauyna Hornblenda Leucita Microclina Nefelina Olivino Ortoanfíbol Ortopiroxeno Ortoclasa Oxihornblenda Plagioclasa Rutilo Serpentina Sillimanita Talco Titanita Turmalina Zircón Seleccione 
    un mineral de la lista o elija un grupo de la izquierda"
Cordierita,https://www.ugr.es/~minpet/pages/docencia/opticamineral/paginas/cord.htm,https://www.ugr.es/~minpet/pages/docencia/opticamineral/paginas/bdsil.JPG | https://www.ugr.es/~minpet/pages/docencia/opticamineral/paginas/bdnesop.JPG | https://www.ugr.es/~minpet/pages/docencia/opticamineral/paginas/bdcuadp.JPG | https://www.ugr.es/~minpet/pages/docencia/opticamineral/paginas/bdsorop.JPG | https://www.ugr.es/~minpet/pages/docencia/opticamineral/paginas/bdciclopb.JPG | https://www.ugr.es/~minpet/pages/docencia/opticamineral/paginas/bdinop.JPG | https://www.ugr.es/~minpet/pages/docencia/opticamineral/paginas/bdfilop.JPG | https://www.ugr.es/~minpet/pages/docencia/opticamineral/paginas/bdtectop.JPG | https://www.ugr.es/~minpet/pages/docencia/opticamineral/paginas/bdol.gif | https://www.ugr.es/~minpet/pages/docencia/opticamineral/paginas/inicio.JPG | https://www.ugr.es/~minpet/pages/docencia/opticamineral/paginas/propiedades.JPG | https://www.ugr.es/~minpet/pages/docencia/opticamineral/paginas/tutorial.JPG | https://www.ugr.es/~minpet/pages/docencia/opticamineral/paginas/identifica.JPG | https://www.ugr.es/~minpet/pages/docencia/opticamineral/paginas/nuevo-4R1C1.JPG | https://www.ugr.es/~minpet/pages/docencia/opticamineral/paginas/bdcord.JPG | https://www.ugr.es/~minpet/pages/docencia/opticamineral/paginas/bdimagcom.JPG | https://www.ugr.es/~minpet/pages/docencia/opticamineral/paginas/bdimanal.JPG | https://www.ugr.es/~minpet/pages/docencia/opticamineral/paginas/bdcampfu.JPG | https://www.ugr.es/~minpet/pages/docencia/opticamineral/paginas/bdanalfub.JPG | https://www.ugr.es/~minpet/pages/docencia/opticamineral/paginas/bdanden.JPG | https://www.ugr.es/~minpet/pages/docencia/opticamineral/paginas/bdesc.JPG | https://www.ugr.es/~minpet/pages/docencia/opticamineral/paginas/bdamp.JPG | https://www.ugr.es/~minpet/pages/docencia/opticamineral/paginas/bdimmas.JPG | https://www.ugr.es/~minpet/pages/docencia/opticamineral/paginas/bdcampden.JPG | https://www.ugr.es/~minpet/pages/docencia/opticamineral/paginas/bdtit.JPG | https://www.ugr.es/~minpet/pages/docencia/opticamineral/paginas/bdandenb.JPG | https://www.ugr.es/~minpet/pages/docencia/opticamineral/paginas/bdanalfu.JPG | https://www.ugr.es/~minpet/pages/docencia/opticamineral/paginas/bdcordx.JPG | https://www.ugr.es/~minpet/pages/docencia/opticamineral/paginas/bdsinesc.JPG | https://www.ugr.es/~minpet/pages/docencia/opticamineral/paginas/escol1.JPG | https://www.ugr.es/~minpet/pages/docencia/opticamineral/paginas/bdol2.JPG | https://www.ugr.es/~minpet/pages/docencia/opticamineral/paginas/bdol2x.JPG | https://www.ugr.es/~minpet/pages/docencia/opticamineral/paginas/escol1.JPG | https://www.ugr.es/~minpet/pages/docencia/opticamineral/paginas/bdanalfub.JPG | https://www.ugr.es/~minpet/pages/docencia/opticamineral/paginas/bdanalfu.JPG | https://www.ugr.es/~minpet/pages/docencia/opticamineral/paginas/bdanden.JPG | https://www.ugr.es/~minpet/pages/docencia/opticamineral/paginas/bdandenb.JPG | https://www.ugr.es/~minpet/pages/docencia/opticamineral/paginas/bdmas3.JPG | https://www.ugr.es/~minpet/pages/docencia/opticamineral/paginas/bdmas2.JPG | https://www.ugr.es/~minpet/pages/docencia/opticamineral/paginas/bdmas1.JPG | https://www.ugr.es/~minpet/pages/docencia/opticamineral/paginas/bdmas0.JPG | https://www.ugr.es/~minpet/pages/docencia/opticamineral/paginas/bdol3.JPG | https://www.ugr.es/~minpet/pages/docencia/opticamineral/paginas/bdol3x.JPG | https://www.ugr.es/~minpet/pages/docencia/opticamineral/paginas/escol1.JPG | https://www.ugr.es/~minpet/pages/docencia/opticamineral/paginas/bdanalfub.JPG | https://www.ugr.es/~minpet/pages/docencia/opticamineral/paginas/bdanalfu.JPG | https://www.ugr.es/~minpet/pages/docencia/opticamineral/paginas/bdanden.JPG | https://www.ugr.es/~minpet/pages/docencia/opticamineral/paginas/bdandenb.JPG | https://www.ugr.es/~minpet/pages/docencia/opticamineral/paginas/bdamp.JPG | https://www.ugr.es/~minpet/pages/docencia/opticamineral/paginas/bdamp.JPG | https://www.ugr.es/~minpet/pages/docencia/opticamineral/paginas/bdamp.JPG | https://www.ugr.es/~minpet/pages/docencia/opticamineral/paginas/bdamp.JPG | https://www.ugr.es/~minpet/pages/docencia/opticamineral/paginas/bdamp.JPG | https://www.ugr.es/~minpet/pages/docencia/opticamineral/paginas/bdrest.JPG | https://www.ugr.es/~minpet/pages/docencia/opticamineral/paginas/bdimagpb.JPG | https://www.ugr.es/~minpet/pages/docencia/opticamineral/paginas/bdimagesta.JPG | https://www.ugr.es/~minpet/pages/docencia/opticamineral/paginas/bdimagotra.JPG | https://www.ugr.es/~minpet/pages/docencia/opticamineral/paginas/bdtitand.JPG | https://www.ugr.es/~minpet/pages/docencia/opticamineral/paginas/bdimagcor.JPG,"Base de datos. Cordierita. CORDIERITA Mg 2 Al 4 Si 5 O 18 Hábito: anhédrico, 
              pseudohexagonal, granular, columnar corto (c). Inclusiones Exfoliación: (100) 
              moderada, (001) y (010) pobres; poco visibles Maclas: común 
              (110) o (130) simple, lamelar, cíclica Color/Pleocroismo: incoloro 
              (raro amarillo, azulado, violeta pálidos) Relieve: bajo 
              +/- Ng: 1,537-1,578 Nm: 1,532-1,574 Np: 1,527-1,560 Birrefringencia: 0,008-0,018 Color 
              de interferencia: 1 Ángulo 
              de extinción: 0 Signo 
              de elongación: positivo Tipo 
              óptico: biáxico Signo 
              Óptico: -/+ 2V: 35-90 Otros 
              datos: Generalm. 
              (-), 2V=65-85; más raro (+), 2V=75-90. Maclas: sectorial o similar a plagioclasa. Alteración: (pinita), clorita, sericita, serpentina, óxidos. Halos pleocróicos en torno a zircón o apatito. (Mg,Fe)2SiO4 (Mg,Fe)2SiO4 Cordierita Roca metamórfica Olivino xenomorfo Roca plutónica Olivino idiomorfo Roca volcánica Apatito Calcita Dolomita Espinela Rutilo Yeso ........................................... Seleccione 
    un mineral de la lista que se muestra a continuación Seleccione un ciclosilicato Cordierita Turmalina Seleccione 
    un mineral de la lista o elija un grupo de la izquierda ............................................ Andalucita Augita Biotita Cianita Clorita Cloritoide Cordierita Cuarzo Diopsido Epidota Estaurolita Glaucofana Granate Hauyna Hornblenda Leucita Microclina Nefelina Olivino Ortoanfíbol Ortopiroxeno Ortoclasa Oxihornblenda Plagioclasa Rutilo Serpentina Sillimanita Talco Titanita Turmalina Zircón"
Cuarzo,https://www.ugr.es/~minpet/pages/docencia/opticamineral/paginas/cuarzo.htm,https://www.ugr.es/~minpet/pages/docencia/opticamineral/paginas/bdsil.JPG | https://www.ugr.es/~minpet/pages/docencia/opticamineral/paginas/bdnesop.JPG | https://www.ugr.es/~minpet/pages/docencia/opticamineral/paginas/bdcuadp.JPG | https://www.ugr.es/~minpet/pages/docencia/opticamineral/paginas/bdsorop.JPG | https://www.ugr.es/~minpet/pages/docencia/opticamineral/paginas/bdciclop.JPG | https://www.ugr.es/~minpet/pages/docencia/opticamineral/paginas/bdinop.JPG | https://www.ugr.es/~minpet/pages/docencia/opticamineral/paginas/bdfilop.JPG | https://www.ugr.es/~minpet/pages/docencia/opticamineral/paginas/bdtectopb.JPG | https://www.ugr.es/~minpet/pages/docencia/opticamineral/paginas/bdol.gif | https://www.ugr.es/~minpet/pages/docencia/opticamineral/paginas/inicio.JPG | https://www.ugr.es/~minpet/pages/docencia/opticamineral/paginas/propiedades.JPG | https://www.ugr.es/~minpet/pages/docencia/opticamineral/paginas/tutorial.JPG | https://www.ugr.es/~minpet/pages/docencia/opticamineral/paginas/identifica.JPG | https://www.ugr.es/~minpet/pages/docencia/opticamineral/paginas/nuevo-4R1C1.JPG | https://www.ugr.es/~minpet/pages/docencia/opticamineral/paginas/bdq1.JPG | https://www.ugr.es/~minpet/pages/docencia/opticamineral/paginas/bdimagcom.JPG | https://www.ugr.es/~minpet/pages/docencia/opticamineral/paginas/bdimanal.JPG | https://www.ugr.es/~minpet/pages/docencia/opticamineral/paginas/bdcampfu.JPG | https://www.ugr.es/~minpet/pages/docencia/opticamineral/paginas/bdanalfub.JPG | https://www.ugr.es/~minpet/pages/docencia/opticamineral/paginas/bdanden.JPG | https://www.ugr.es/~minpet/pages/docencia/opticamineral/paginas/bdesc.JPG | https://www.ugr.es/~minpet/pages/docencia/opticamineral/paginas/bdamp.JPG | https://www.ugr.es/~minpet/pages/docencia/opticamineral/paginas/bdimmas.JPG | https://www.ugr.es/~minpet/pages/docencia/opticamineral/paginas/bdcampden.JPG | https://www.ugr.es/~minpet/pages/docencia/opticamineral/paginas/bdtit.JPG | https://www.ugr.es/~minpet/pages/docencia/opticamineral/paginas/bdandenb.JPG | https://www.ugr.es/~minpet/pages/docencia/opticamineral/paginas/bdanalfu.JPG | https://www.ugr.es/~minpet/pages/docencia/opticamineral/paginas/bdq1x.JPG | https://www.ugr.es/~minpet/pages/docencia/opticamineral/paginas/bdsinesc.JPG | https://www.ugr.es/~minpet/pages/docencia/opticamineral/paginas/escol1.JPG | https://www.ugr.es/~minpet/pages/docencia/opticamineral/paginas/bdgran3.JPG | https://www.ugr.es/~minpet/pages/docencia/opticamineral/paginas/bdgran3x.JPG | https://www.ugr.es/~minpet/pages/docencia/opticamineral/paginas/escol1.JPG | https://www.ugr.es/~minpet/pages/docencia/opticamineral/paginas/bdanalfub.JPG | https://www.ugr.es/~minpet/pages/docencia/opticamineral/paginas/bdanalfu.JPG | https://www.ugr.es/~minpet/pages/docencia/opticamineral/paginas/bdanden.JPG | https://www.ugr.es/~minpet/pages/docencia/opticamineral/paginas/bdandenb.JPG | https://www.ugr.es/~minpet/pages/docencia/opticamineral/paginas/bdmasil3.JPG | https://www.ugr.es/~minpet/pages/docencia/opticamineral/paginas/bdmascu2.jpg | https://www.ugr.es/~minpet/pages/docencia/opticamineral/paginas/bdmascu1.JPG | https://www.ugr.es/~minpet/pages/docencia/opticamineral/paginas/bdmas0.JPG | https://www.ugr.es/~minpet/pages/docencia/opticamineral/paginas/bdq2.JPG | https://www.ugr.es/~minpet/pages/docencia/opticamineral/paginas/bdq2x.JPG | https://www.ugr.es/~minpet/pages/docencia/opticamineral/paginas/escsil2.JPG | https://www.ugr.es/~minpet/pages/docencia/opticamineral/paginas/bdanalfub.JPG | https://www.ugr.es/~minpet/pages/docencia/opticamineral/paginas/bdanalfu.JPG | https://www.ugr.es/~minpet/pages/docencia/opticamineral/paginas/bdanden.JPG | https://www.ugr.es/~minpet/pages/docencia/opticamineral/paginas/bdandenb.JPG | https://www.ugr.es/~minpet/pages/docencia/opticamineral/paginas/bdamp.JPG | https://www.ugr.es/~minpet/pages/docencia/opticamineral/paginas/bdamp.JPG | https://www.ugr.es/~minpet/pages/docencia/opticamineral/paginas/bdamp.JPG | https://www.ugr.es/~minpet/pages/docencia/opticamineral/paginas/bdamp.JPG | https://www.ugr.es/~minpet/pages/docencia/opticamineral/paginas/bdamp.JPG | https://www.ugr.es/~minpet/pages/docencia/opticamineral/paginas/bdrest.JPG | https://www.ugr.es/~minpet/pages/docencia/opticamineral/paginas/bdimagpb.JPG | https://www.ugr.es/~minpet/pages/docencia/opticamineral/paginas/bdimagesta.JPG | https://www.ugr.es/~minpet/pages/docencia/opticamineral/paginas/bdimagotra.JPG | https://www.ugr.es/~minpet/pages/docencia/opticamineral/paginas/bdesc.JPG | https://www.ugr.es/~minpet/pages/docencia/opticamineral/paginas/bdsinesc.JPG | https://www.ugr.es/~minpet/pages/docencia/opticamineral/paginas/bdtitand.JPG | https://www.ugr.es/~minpet/pages/docencia/opticamineral/paginas/bdimagaq.JPG,"Base de datos. Cuarzo. (Mg,Fe)2SiO4 (Mg,Fe)2SiO4 Seleccione un tectosilicato Cuarzo Hauyna Leucita Microclina Nefelina Ortoclasa Plagioclasa Cuarzo Roca volcánica Granate 
        rosado Roca metamórfica Cuarzo Roca ígnea Apatito Calcita Dolomita Espinela Rutilo Yeso ........................................... Seleccione 
    un mineral de la lista que se muestra a continuación CUARZO SiO 2 Hábito: granular, 
              subhédrico, irregular, fibroso (var. calcedonia) Exfoliación: ausente Maclas: comúnes, 
              raramente observables en lámina delgada Color/Pleocroismo: incoloro Relieve: bajo 
              +/- Ng: 1,553 Nm: Np: 1,544 Birrefringencia: 0,009 Color 
              de interferencia: 1 Ángulo 
              de extinción: 0 Signo 
              de elongación: Tipo 
              óptico: uniáxico Signo 
              Óptico: positivo 2V: 0-10 
              (anómalo) Otros 
                    datos: Extinción 
                    ondulante común. Variedades: de grano fino o fibroso 
                    (CALCEDONIA), ágata (calcedonia bandeada), ""Chert"" 
                    (masivo o bandeado en roca), Jaspe (masivo, rojizo por oxi/hidróxidos). ............................................ Andalucita Augita Biotita Cianita Clorita Cloritoide Cordierita Cuarzo Diopsido Epidota Estaurolita Glaucofana Granate Hauyna Hornblenda Leucita Microclina Nefelina Olivino Ortoanfíbol Ortopiroxeno Ortoclasa Oxihornblenda Plagioclasa Rutilo Serpentina Sillimanita Talco Titanita Turmalina Zircón Seleccione 
    un mineral de la lista o elija un grupo de la izquierda"
Diopsido,https://www.ugr.es/~minpet/pages/docencia/opticamineral/paginas/diop.htm,https://www.ugr.es/~minpet/pages/docencia/opticamineral/paginas/bdsil.JPG | https://www.ugr.es/~minpet/pages/docencia/opticamineral/paginas/bdnesop.JPG | https://www.ugr.es/~minpet/pages/docencia/opticamineral/paginas/bdcuadp.JPG | https://www.ugr.es/~minpet/pages/docencia/opticamineral/paginas/bdsorop.JPG | https://www.ugr.es/~minpet/pages/docencia/opticamineral/paginas/bdciclop.JPG | https://www.ugr.es/~minpet/pages/docencia/opticamineral/paginas/bdinopb.JPG | https://www.ugr.es/~minpet/pages/docencia/opticamineral/paginas/bdfilop.JPG | https://www.ugr.es/~minpet/pages/docencia/opticamineral/paginas/bdtectop.JPG | https://www.ugr.es/~minpet/pages/docencia/opticamineral/paginas/bdol.gif | https://www.ugr.es/~minpet/pages/docencia/opticamineral/paginas/inicio.JPG | https://www.ugr.es/~minpet/pages/docencia/opticamineral/paginas/propiedades.JPG | https://www.ugr.es/~minpet/pages/docencia/opticamineral/paginas/tutorial.JPG | https://www.ugr.es/~minpet/pages/docencia/opticamineral/paginas/identifica.JPG | https://www.ugr.es/~minpet/pages/docencia/opticamineral/paginas/nuevo-4R1C1.JPG | https://www.ugr.es/~minpet/pages/docencia/opticamineral/paginas/bddiop.JPG | https://www.ugr.es/~minpet/pages/docencia/opticamineral/paginas/bdimagcom.JPG | https://www.ugr.es/~minpet/pages/docencia/opticamineral/paginas/bdimanal.JPG | https://www.ugr.es/~minpet/pages/docencia/opticamineral/paginas/bdcampfu.JPG | https://www.ugr.es/~minpet/pages/docencia/opticamineral/paginas/bdanalfub.JPG | https://www.ugr.es/~minpet/pages/docencia/opticamineral/paginas/bdanden.JPG | https://www.ugr.es/~minpet/pages/docencia/opticamineral/paginas/bdesc.JPG | https://www.ugr.es/~minpet/pages/docencia/opticamineral/paginas/bdamp.JPG | https://www.ugr.es/~minpet/pages/docencia/opticamineral/paginas/bdimmas.JPG | https://www.ugr.es/~minpet/pages/docencia/opticamineral/paginas/bdcampden.JPG | https://www.ugr.es/~minpet/pages/docencia/opticamineral/paginas/bdtit.JPG | https://www.ugr.es/~minpet/pages/docencia/opticamineral/paginas/bdandenb.JPG | https://www.ugr.es/~minpet/pages/docencia/opticamineral/paginas/bdanalfu.JPG | https://www.ugr.es/~minpet/pages/docencia/opticamineral/paginas/bddiopx.JPG | https://www.ugr.es/~minpet/pages/docencia/opticamineral/paginas/bdsinesc.JPG | https://www.ugr.es/~minpet/pages/docencia/opticamineral/paginas/escsil2.JPG | https://www.ugr.es/~minpet/pages/docencia/opticamineral/paginas/bdol2.JPG | https://www.ugr.es/~minpet/pages/docencia/opticamineral/paginas/bdol2x.JPG | https://www.ugr.es/~minpet/pages/docencia/opticamineral/paginas/escol1.JPG | https://www.ugr.es/~minpet/pages/docencia/opticamineral/paginas/bdanalfub.JPG | https://www.ugr.es/~minpet/pages/docencia/opticamineral/paginas/bdanalfu.JPG | https://www.ugr.es/~minpet/pages/docencia/opticamineral/paginas/bdanden.JPG | https://www.ugr.es/~minpet/pages/docencia/opticamineral/paginas/bdandenb.JPG | https://www.ugr.es/~minpet/pages/docencia/opticamineral/paginas/bdmas3.JPG | https://www.ugr.es/~minpet/pages/docencia/opticamineral/paginas/bdmas2.JPG | https://www.ugr.es/~minpet/pages/docencia/opticamineral/paginas/bdmas1.JPG | https://www.ugr.es/~minpet/pages/docencia/opticamineral/paginas/bdmas0.JPG | https://www.ugr.es/~minpet/pages/docencia/opticamineral/paginas/bdol3.JPG | https://www.ugr.es/~minpet/pages/docencia/opticamineral/paginas/bdol3x.JPG | https://www.ugr.es/~minpet/pages/docencia/opticamineral/paginas/escol1.JPG | https://www.ugr.es/~minpet/pages/docencia/opticamineral/paginas/bdanalfub.JPG | https://www.ugr.es/~minpet/pages/docencia/opticamineral/paginas/bdanalfu.JPG | https://www.ugr.es/~minpet/pages/docencia/opticamineral/paginas/bdanden.JPG | https://www.ugr.es/~minpet/pages/docencia/opticamineral/paginas/bdandenb.JPG | https://www.ugr.es/~minpet/pages/docencia/opticamineral/paginas/bdamp.JPG | https://www.ugr.es/~minpet/pages/docencia/opticamineral/paginas/bdamp.JPG | https://www.ugr.es/~minpet/pages/docencia/opticamineral/paginas/bdamp.JPG | https://www.ugr.es/~minpet/pages/docencia/opticamineral/paginas/bdamp.JPG | https://www.ugr.es/~minpet/pages/docencia/opticamineral/paginas/bdamp.JPG | https://www.ugr.es/~minpet/pages/docencia/opticamineral/paginas/bdrest.JPG | https://www.ugr.es/~minpet/pages/docencia/opticamineral/paginas/bdimagpb.JPG | https://www.ugr.es/~minpet/pages/docencia/opticamineral/paginas/bdimagesta.JPG | https://www.ugr.es/~minpet/pages/docencia/opticamineral/paginas/bdimagotra.JPG | https://www.ugr.es/~minpet/pages/docencia/opticamineral/paginas/bdtitand.JPG | https://www.ugr.es/~minpet/pages/docencia/opticamineral/paginas/bdimagdio.JPG,"Base de datos. Diopsido-Hedenbergita. DIOPSIDO- HEDENBERGITA Ca(Mg,Fe)Si 2 O 6 Hábito: prismático 
              (c), granular, base cuadrada u octogonal Exfoliación: (110) 
              buena 87°; partición (100), (010) y (001) Maclas: (100), 
              (001) común, simple o múltiple Color/Pleocroismo: Dióp: 
              incoloro; Hed: verde pálido. Pleocr. Hed: X=>Z=>Y (en 
              tonos verdes) Relieve: alto 
              + Ng: 1,694-1,755 Nm: 1,672-1,730 Np: 1,664-1,732 Birrefringencia: 0,024...0,031 Color 
              de interferencia: 2 Ángulo 
              de extinción: 38-45 Signo 
              de elongación: Tipo 
              óptico: biáxico Signo 
              Óptico: positivo 2V: 50-62 Otros 
              datos: Alteración: 
              común anfíbol (tremolita, actinolita). Diópsido (Cr): color azulado y verdoso. (Mg,Fe)2SiO4 (Mg,Fe)2SiO4 Diopsido Roca plutónica Olivino xenomorfo Roca plutónica Olivino idiomorfo Roca volcánica Apatito Calcita Dolomita Espinela Rutilo Yeso ........................................... Seleccione 
    un mineral de la lista que se muestra a continuación Seleccione un inosilicato --------------------------- Piroxenos --------------------------- Augita Diopsido Ortopiroxeno --------------------------- Anfíboles --------------------------- Glaucofana Hornblenda Ortoanfibol Oxihornblenda Seleccione 
    un mineral de la lista o elija un grupo de la izquierda ............................................ Andalucita Augita Biotita Cianita Clorita Cloritoide Cordierita Cuarzo Diopsido Epidota Estaurolita Glaucofana Granate Hauyna Hornblenda Leucita Microclina Nefelina Olivino Ortoanfíbol Ortopiroxeno Ortoclasa Oxihornblenda Plagioclasa Rutilo Serpentina Sillimanita Talco Titanita Turmalina Zircón"
Epidota,https://www.ugr.es/~minpet/pages/docencia/opticamineral/paginas/epid.htm,https://www.ugr.es/~minpet/pages/docencia/opticamineral/paginas/bdsil.JPG | https://www.ugr.es/~minpet/pages/docencia/opticamineral/paginas/bdnesop.JPG | https://www.ugr.es/~minpet/pages/docencia/opticamineral/paginas/bdcuadp.JPG | https://www.ugr.es/~minpet/pages/docencia/opticamineral/paginas/bdsoropb.JPG | https://www.ugr.es/~minpet/pages/docencia/opticamineral/paginas/bdciclop.JPG | https://www.ugr.es/~minpet/pages/docencia/opticamineral/paginas/bdinop.JPG | https://www.ugr.es/~minpet/pages/docencia/opticamineral/paginas/bdfilop.JPG | https://www.ugr.es/~minpet/pages/docencia/opticamineral/paginas/bdtectop.JPG | https://www.ugr.es/~minpet/pages/docencia/opticamineral/paginas/bdol.gif | https://www.ugr.es/~minpet/pages/docencia/opticamineral/paginas/inicio.JPG | https://www.ugr.es/~minpet/pages/docencia/opticamineral/paginas/propiedades.JPG | https://www.ugr.es/~minpet/pages/docencia/opticamineral/paginas/tutorial.JPG | https://www.ugr.es/~minpet/pages/docencia/opticamineral/paginas/identifica.JPG | https://www.ugr.es/~minpet/pages/docencia/opticamineral/paginas/nuevo-4R1C1.JPG | https://www.ugr.es/~minpet/pages/docencia/opticamineral/paginas/bdepi1.JPG | https://www.ugr.es/~minpet/pages/docencia/opticamineral/paginas/bdimagcom.JPG | https://www.ugr.es/~minpet/pages/docencia/opticamineral/paginas/bdimanal.JPG | https://www.ugr.es/~minpet/pages/docencia/opticamineral/paginas/bdcampfu.JPG | https://www.ugr.es/~minpet/pages/docencia/opticamineral/paginas/bdanalfub.JPG | https://www.ugr.es/~minpet/pages/docencia/opticamineral/paginas/bdanden.JPG | https://www.ugr.es/~minpet/pages/docencia/opticamineral/paginas/bdesc.JPG | https://www.ugr.es/~minpet/pages/docencia/opticamineral/paginas/bdamp.JPG | https://www.ugr.es/~minpet/pages/docencia/opticamineral/paginas/bdimmas.JPG | https://www.ugr.es/~minpet/pages/docencia/opticamineral/paginas/bdcampden.JPG | https://www.ugr.es/~minpet/pages/docencia/opticamineral/paginas/bdtit.JPG | https://www.ugr.es/~minpet/pages/docencia/opticamineral/paginas/bdandenb.JPG | https://www.ugr.es/~minpet/pages/docencia/opticamineral/paginas/bdanalfu.JPG | https://www.ugr.es/~minpet/pages/docencia/opticamineral/paginas/bdepi1x.JPG | https://www.ugr.es/~minpet/pages/docencia/opticamineral/paginas/bdsinesc.JPG | https://www.ugr.es/~minpet/pages/docencia/opticamineral/paginas/escsil2.JPG | https://www.ugr.es/~minpet/pages/docencia/opticamineral/paginas/bdgran3.JPG | https://www.ugr.es/~minpet/pages/docencia/opticamineral/paginas/bdgran3x.JPG | https://www.ugr.es/~minpet/pages/docencia/opticamineral/paginas/escol1.JPG | https://www.ugr.es/~minpet/pages/docencia/opticamineral/paginas/bdanalfub.JPG | https://www.ugr.es/~minpet/pages/docencia/opticamineral/paginas/bdanalfu.JPG | https://www.ugr.es/~minpet/pages/docencia/opticamineral/paginas/bdanden.JPG | https://www.ugr.es/~minpet/pages/docencia/opticamineral/paginas/bdandenb.JPG | https://www.ugr.es/~minpet/pages/docencia/opticamineral/paginas/bdmasil3.JPG | https://www.ugr.es/~minpet/pages/docencia/opticamineral/paginas/bdmasep2.jpg | https://www.ugr.es/~minpet/pages/docencia/opticamineral/paginas/bdmasep1.JPG | https://www.ugr.es/~minpet/pages/docencia/opticamineral/paginas/bdmas0.JPG | https://www.ugr.es/~minpet/pages/docencia/opticamineral/paginas/bdepi3.JPG | https://www.ugr.es/~minpet/pages/docencia/opticamineral/paginas/bdepi3x.JPG | https://www.ugr.es/~minpet/pages/docencia/opticamineral/paginas/escsil2.JPG | https://www.ugr.es/~minpet/pages/docencia/opticamineral/paginas/bdanalfub.JPG | https://www.ugr.es/~minpet/pages/docencia/opticamineral/paginas/bdanalfu.JPG | https://www.ugr.es/~minpet/pages/docencia/opticamineral/paginas/bdanden.JPG | https://www.ugr.es/~minpet/pages/docencia/opticamineral/paginas/bdandenb.JPG | https://www.ugr.es/~minpet/pages/docencia/opticamineral/paginas/bdamp.JPG | https://www.ugr.es/~minpet/pages/docencia/opticamineral/paginas/bdamp.JPG | https://www.ugr.es/~minpet/pages/docencia/opticamineral/paginas/bdamp.JPG | https://www.ugr.es/~minpet/pages/docencia/opticamineral/paginas/bdamp.JPG | https://www.ugr.es/~minpet/pages/docencia/opticamineral/paginas/bdamp.JPG | https://www.ugr.es/~minpet/pages/docencia/opticamineral/paginas/bdrest.JPG | https://www.ugr.es/~minpet/pages/docencia/opticamineral/paginas/bdimagpb.JPG | https://www.ugr.es/~minpet/pages/docencia/opticamineral/paginas/bdimagesta.JPG | https://www.ugr.es/~minpet/pages/docencia/opticamineral/paginas/bdimagotra.JPG | https://www.ugr.es/~minpet/pages/docencia/opticamineral/paginas/bdesc.JPG | https://www.ugr.es/~minpet/pages/docencia/opticamineral/paginas/bdsinesc.JPG | https://www.ugr.es/~minpet/pages/docencia/opticamineral/paginas/bdtitand.JPG | https://www.ugr.es/~minpet/pages/docencia/opticamineral/paginas/bdimagepi.JPG,"Base de datos. Epidota. (Mg,Fe)2SiO4 (Mg,Fe)2SiO4 Seleccione un nesosilicato Olivino Granate Andalucita Sillimanita Distena Cloritoide Estaurolita Titanita Zircón Epidota. 
        Manto de arlequín. Roca metamórfica Granate 
        rosado Roca metamórfica Epidota. 
        Manto de arlequín. Roca metamórfica Apatito Calcita Dolomita Espinela Rutilo Yeso ........................................... Seleccione 
    un mineral de la lista que se muestra a continuación EPIDOTA Ca 2 (Al,Fe) 3 (SiO 4 ) 3 (OH) Hábito: prismático 
              (b), granular, lenticular Exfoliación: (001) 
              perfecta Maclas: (100) 
              lamelar, no común Color/Pleocroismo: incoloro, 
              amarillo, (verdoso). Y(verde amarillo) >Z(amarillo verdoso) >X(casi 
              incoloro) Relieve: alto 
              + Ng: 1,734-1,797 Nm: 1,725-1,784 Np: 1,715-1,751 Birrefringencia: 0,015-0,051 Color 
              de interferencia: 1, 
              2, 3 Ángulo 
              de extinción: 0-40 Signo 
              de elongación: positivo, 
              negativo Tipo 
              óptico: biáxico Signo 
              Óptico: negativo 2V: 64-90 Otros 
              datos: Z onación 
              común. Distribución arlequinada de colores de interferencia. 
              Extinción generalm. paralela en secciones alargadas. No alterable. ............................................ Andalucita Augita Biotita Cianita Clorita Cloritoide Cordierita Cuarzo Diopsido Epidota Estaurolita Glaucofana Granate Hauyna Hornblenda Leucita Microclina Nefelina Olivino Ortoanfíbol Ortopiroxeno Ortoclasa Oxihornblenda Plagioclasa Rutilo Serpentina Sillimanita Talco Titanita Turmalina Zircón Seleccione 
    un mineral de la lista o elija un grupo de la izquierda"
Estaurolita,https://www.ugr.es/~minpet/pages/docencia/opticamineral/paginas/estau.htm,https://www.ugr.es/~minpet/pages/docencia/opticamineral/paginas/bdsil.JPG | https://www.ugr.es/~minpet/pages/docencia/opticamineral/paginas/bdnesopb.JPG | https://www.ugr.es/~minpet/pages/docencia/opticamineral/paginas/bdcuadp.JPG | https://www.ugr.es/~minpet/pages/docencia/opticamineral/paginas/bdsorop.JPG | https://www.ugr.es/~minpet/pages/docencia/opticamineral/paginas/bdciclop.JPG | https://www.ugr.es/~minpet/pages/docencia/opticamineral/paginas/bdinop.JPG | https://www.ugr.es/~minpet/pages/docencia/opticamineral/paginas/bdfilop.JPG | https://www.ugr.es/~minpet/pages/docencia/opticamineral/paginas/bdtectop.JPG | https://www.ugr.es/~minpet/pages/docencia/opticamineral/paginas/bdol.gif | https://www.ugr.es/~minpet/pages/docencia/opticamineral/paginas/inicio.JPG | https://www.ugr.es/~minpet/pages/docencia/opticamineral/paginas/propiedades.JPG | https://www.ugr.es/~minpet/pages/docencia/opticamineral/paginas/tutorial.JPG | https://www.ugr.es/~minpet/pages/docencia/opticamineral/paginas/identifica.JPG | https://www.ugr.es/~minpet/pages/docencia/opticamineral/paginas/nuevo-4R1C1.JPG | https://www.ugr.es/~minpet/pages/docencia/opticamineral/paginas/bdest1.JPG | https://www.ugr.es/~minpet/pages/docencia/opticamineral/paginas/bdimagcom.JPG | https://www.ugr.es/~minpet/pages/docencia/opticamineral/paginas/bdimanal.JPG | https://www.ugr.es/~minpet/pages/docencia/opticamineral/paginas/bdcampfu.JPG | https://www.ugr.es/~minpet/pages/docencia/opticamineral/paginas/bdanalfub.JPG | https://www.ugr.es/~minpet/pages/docencia/opticamineral/paginas/bdanden.JPG | https://www.ugr.es/~minpet/pages/docencia/opticamineral/paginas/bdesc.JPG | https://www.ugr.es/~minpet/pages/docencia/opticamineral/paginas/bdamp.JPG | https://www.ugr.es/~minpet/pages/docencia/opticamineral/paginas/bdimmas.JPG | https://www.ugr.es/~minpet/pages/docencia/opticamineral/paginas/bdcampden.JPG | https://www.ugr.es/~minpet/pages/docencia/opticamineral/paginas/bdtit.JPG | https://www.ugr.es/~minpet/pages/docencia/opticamineral/paginas/bdandenb.JPG | https://www.ugr.es/~minpet/pages/docencia/opticamineral/paginas/bdanalfu.JPG | https://www.ugr.es/~minpet/pages/docencia/opticamineral/paginas/bdest1x.JPG | https://www.ugr.es/~minpet/pages/docencia/opticamineral/paginas/bdsinesc.JPG | https://www.ugr.es/~minpet/pages/docencia/opticamineral/paginas/escsil2.JPG | https://www.ugr.es/~minpet/pages/docencia/opticamineral/paginas/bdol2.JPG | https://www.ugr.es/~minpet/pages/docencia/opticamineral/paginas/bdol2x.JPG | https://www.ugr.es/~minpet/pages/docencia/opticamineral/paginas/escol1.JPG | https://www.ugr.es/~minpet/pages/docencia/opticamineral/paginas/bdanalfub.JPG | https://www.ugr.es/~minpet/pages/docencia/opticamineral/paginas/bdanalfu.JPG | https://www.ugr.es/~minpet/pages/docencia/opticamineral/paginas/bdanden.JPG | https://www.ugr.es/~minpet/pages/docencia/opticamineral/paginas/bdandenb.JPG | https://www.ugr.es/~minpet/pages/docencia/opticamineral/paginas/bdmas3.JPG | https://www.ugr.es/~minpet/pages/docencia/opticamineral/paginas/bdmas2.JPG | https://www.ugr.es/~minpet/pages/docencia/opticamineral/paginas/bdmas1.JPG | https://www.ugr.es/~minpet/pages/docencia/opticamineral/paginas/bdmas0.JPG | https://www.ugr.es/~minpet/pages/docencia/opticamineral/paginas/bdol3.JPG | https://www.ugr.es/~minpet/pages/docencia/opticamineral/paginas/bdol3x.JPG | https://www.ugr.es/~minpet/pages/docencia/opticamineral/paginas/escol1.JPG | https://www.ugr.es/~minpet/pages/docencia/opticamineral/paginas/bdanalfub.JPG | https://www.ugr.es/~minpet/pages/docencia/opticamineral/paginas/bdanalfu.JPG | https://www.ugr.es/~minpet/pages/docencia/opticamineral/paginas/bdanden.JPG | https://www.ugr.es/~minpet/pages/docencia/opticamineral/paginas/bdandenb.JPG | https://www.ugr.es/~minpet/pages/docencia/opticamineral/paginas/bdamp.JPG | https://www.ugr.es/~minpet/pages/docencia/opticamineral/paginas/bdamp.JPG | https://www.ugr.es/~minpet/pages/docencia/opticamineral/paginas/bdamp.JPG | https://www.ugr.es/~minpet/pages/docencia/opticamineral/paginas/bdamp.JPG | https://www.ugr.es/~minpet/pages/docencia/opticamineral/paginas/bdamp.JPG | https://www.ugr.es/~minpet/pages/docencia/opticamineral/paginas/bdrest.JPG | https://www.ugr.es/~minpet/pages/docencia/opticamineral/paginas/bdimagpb.JPG | https://www.ugr.es/~minpet/pages/docencia/opticamineral/paginas/bdimagesta.JPG | https://www.ugr.es/~minpet/pages/docencia/opticamineral/paginas/bdimagotra.JPG | https://www.ugr.es/~minpet/pages/docencia/opticamineral/paginas/bdtitand.JPG | https://www.ugr.es/~minpet/pages/docencia/opticamineral/paginas/bdimagest.JPG,"Base de datos. Estaurolita. ESTAUROLITA 
        (Fe,Mg) 2 Al 9 (Si,Al) 4 O 22 (OH) 2 Hábito: prismático 
              corto (c), secc. basal rómbica, poikiloblástico, anhédrico Exfoliación: (010) 
              pobre, muy poco visible Maclas: rara 
              en lámina delgada, (023) y (232) penetración Color/Pleocroismo: amarillo 
              dorado. Pleocroismo moderado Z=amarillo 
        dorado, Y=amarillo pálido, X=incoloro Relieve: alto 
              + Ng: 1,748-1,761 Nm: 1,742-1,753 Np: 1,736-1,747 Birrefringencia: 0,011-0,014 Color 
              de interferencia: 1 Ángulo 
              de extinción: 0 Signo 
              de elongación: positivo Tipo 
              óptico: biáxico Signo 
              Óptico: positivo 2V: 80-90 Otros 
              datos: Alteración: 
              sericita, clorita. Zonación; 
              inclusiones común. (Mg,Fe)2SiO4 (Mg,Fe)2SiO4 Estaurolita 
        amarilla Roca metamórfica Olivino xenomorfo Roca plutónica Olivino idiomorfo Roca volcánica Apatito Calcita Dolomita Espinela Rutilo Yeso ........................................... Seleccione 
    un mineral de la lista que se muestra a continuación Seleccione un nesosilicato Olivino Granate Andalucita Sillimanita Distena Cloritoide Estaurolita Titanita Zircón Seleccione 
    un mineral de la lista o elija un grupo de la izquierda ............................................ Andalucita Augita Biotita Cianita Clorita Cloritoide Cordierita Cuarzo Diopsido Epidota Estaurolita Glaucofana Granate Hauyna Hornblenda Leucita Microclina Nefelina Olivino Ortoanfíbol Ortopiroxeno Ortoclasa Oxihornblenda Plagioclasa Rutilo Serpentina Sillimanita Talco Titanita Turmalina Zircón"
Glaucofana,https://www.ugr.es/~minpet/pages/docencia/opticamineral/paginas/glauc.htm,https://www.ugr.es/~minpet/pages/docencia/opticamineral/paginas/bdsil.JPG | https://www.ugr.es/~minpet/pages/docencia/opticamineral/paginas/bdnesop.JPG | https://www.ugr.es/~minpet/pages/docencia/opticamineral/paginas/bdcuadp.JPG | https://www.ugr.es/~minpet/pages/docencia/opticamineral/paginas/bdsorop.JPG | https://www.ugr.es/~minpet/pages/docencia/opticamineral/paginas/bdciclop.JPG | https://www.ugr.es/~minpet/pages/docencia/opticamineral/paginas/bdinopb.JPG | https://www.ugr.es/~minpet/pages/docencia/opticamineral/paginas/bdfilop.JPG | https://www.ugr.es/~minpet/pages/docencia/opticamineral/paginas/bdtectop.JPG | https://www.ugr.es/~minpet/pages/docencia/opticamineral/paginas/bdol.gif | https://www.ugr.es/~minpet/pages/docencia/opticamineral/paginas/inicio.JPG | https://www.ugr.es/~minpet/pages/docencia/opticamineral/paginas/propiedades.JPG | https://www.ugr.es/~minpet/pages/docencia/opticamineral/paginas/tutorial.JPG | https://www.ugr.es/~minpet/pages/docencia/opticamineral/paginas/identifica.JPG | https://www.ugr.es/~minpet/pages/docencia/opticamineral/paginas/nuevo-4R1C1.JPG | https://www.ugr.es/~minpet/pages/docencia/opticamineral/paginas/bdglauc.JPG | https://www.ugr.es/~minpet/pages/docencia/opticamineral/paginas/bdimagcom.JPG | https://www.ugr.es/~minpet/pages/docencia/opticamineral/paginas/bdimanal.JPG | https://www.ugr.es/~minpet/pages/docencia/opticamineral/paginas/bdcampfu.JPG | https://www.ugr.es/~minpet/pages/docencia/opticamineral/paginas/bdanalfub.JPG | https://www.ugr.es/~minpet/pages/docencia/opticamineral/paginas/bdanden.JPG | https://www.ugr.es/~minpet/pages/docencia/opticamineral/paginas/bdesc.JPG | https://www.ugr.es/~minpet/pages/docencia/opticamineral/paginas/bdamp.JPG | https://www.ugr.es/~minpet/pages/docencia/opticamineral/paginas/bdimmas.JPG | https://www.ugr.es/~minpet/pages/docencia/opticamineral/paginas/bdcampden.JPG | https://www.ugr.es/~minpet/pages/docencia/opticamineral/paginas/bdtit.JPG | https://www.ugr.es/~minpet/pages/docencia/opticamineral/paginas/bdandenb.JPG | https://www.ugr.es/~minpet/pages/docencia/opticamineral/paginas/bdanalfu.JPG | https://www.ugr.es/~minpet/pages/docencia/opticamineral/paginas/bdglaucx.JPG | https://www.ugr.es/~minpet/pages/docencia/opticamineral/paginas/bdsinesc.JPG | https://www.ugr.es/~minpet/pages/docencia/opticamineral/paginas/escsil2.JPG | https://www.ugr.es/~minpet/pages/docencia/opticamineral/paginas/bdol2.JPG | https://www.ugr.es/~minpet/pages/docencia/opticamineral/paginas/bdol2x.JPG | https://www.ugr.es/~minpet/pages/docencia/opticamineral/paginas/escol1.JPG | https://www.ugr.es/~minpet/pages/docencia/opticamineral/paginas/bdanalfub.JPG | https://www.ugr.es/~minpet/pages/docencia/opticamineral/paginas/bdanalfu.JPG | https://www.ugr.es/~minpet/pages/docencia/opticamineral/paginas/bdanden.JPG | https://www.ugr.es/~minpet/pages/docencia/opticamineral/paginas/bdandenb.JPG | https://www.ugr.es/~minpet/pages/docencia/opticamineral/paginas/bdmas3.JPG | https://www.ugr.es/~minpet/pages/docencia/opticamineral/paginas/bdmas2.JPG | https://www.ugr.es/~minpet/pages/docencia/opticamineral/paginas/bdmas1.JPG | https://www.ugr.es/~minpet/pages/docencia/opticamineral/paginas/bdmas0.JPG | https://www.ugr.es/~minpet/pages/docencia/opticamineral/paginas/bdol3.JPG | https://www.ugr.es/~minpet/pages/docencia/opticamineral/paginas/bdol3x.JPG | https://www.ugr.es/~minpet/pages/docencia/opticamineral/paginas/escol1.JPG | https://www.ugr.es/~minpet/pages/docencia/opticamineral/paginas/bdanalfub.JPG | https://www.ugr.es/~minpet/pages/docencia/opticamineral/paginas/bdanalfu.JPG | https://www.ugr.es/~minpet/pages/docencia/opticamineral/paginas/bdanden.JPG | https://www.ugr.es/~minpet/pages/docencia/opticamineral/paginas/bdandenb.JPG | https://www.ugr.es/~minpet/pages/docencia/opticamineral/paginas/bdamp.JPG | https://www.ugr.es/~minpet/pages/docencia/opticamineral/paginas/bdamp.JPG | https://www.ugr.es/~minpet/pages/docencia/opticamineral/paginas/bdamp.JPG | https://www.ugr.es/~minpet/pages/docencia/opticamineral/paginas/bdamp.JPG | https://www.ugr.es/~minpet/pages/docencia/opticamineral/paginas/bdamp.JPG | https://www.ugr.es/~minpet/pages/docencia/opticamineral/paginas/bdrest.JPG | https://www.ugr.es/~minpet/pages/docencia/opticamineral/paginas/bdimagpb.JPG | https://www.ugr.es/~minpet/pages/docencia/opticamineral/paginas/bdimagesta.JPG | https://www.ugr.es/~minpet/pages/docencia/opticamineral/paginas/bdimagotra.JPG | https://www.ugr.es/~minpet/pages/docencia/opticamineral/paginas/bdtitand.JPG | https://www.ugr.es/~minpet/pages/docencia/opticamineral/paginas/bdimaggla.JPG,"Base de datos. Glaucofana. GLAUCOFANA Na 2 (Mg,Fe) 3 Al 2 Si 8 O 22 (OH) 2 Hábito: prismático 
              alargado, columnar, acicular (c), base romboidal Exfoliación: (110) 
              perfecta 56° Maclas: (100) 
              simple o lamelar Color/Pleocroismo: azul, 
              azul violeta a incoloro. Pleocr. Z=azul, Y=violeta, X=amarillo (incoloro) Relieve: medio 
              + Ng: 1,618-1,652 Nm: 1,612-1,650 Np: 1,594-1,630 Birrefringencia: 0,008-0,023 Color 
              de interferencia: 1, 
              2 Ángulo 
              de extinción: 4-14 Signo 
              de elongación: positivo Tipo 
              óptico: biáxico Signo 
              Óptico: negativo 2V: 0-50 Otros 
              datos: Alteración: 
              actinolita. También especie ferro-glaucofana. (Mg,Fe)2SiO4 (Mg,Fe)2SiO4 Glaucofana Roca metamórfica Olivino xenomorfo Roca plutónica Olivino idiomorfo Roca volcánica Apatito Calcita Dolomita Espinela Rutilo Yeso ........................................... Seleccione 
    un mineral de la lista que se muestra a continuación Seleccione un inosilicato --------------------------- Piroxenos --------------------------- Augita Diopsido Ortopiroxeno --------------------------- Anfíboles --------------------------- Glaucofana Hornblenda Ortoanfibol Oxihornblenda ............................................ Andalucita Augita Biotita Cianita Clorita Cloritoide Cordierita Cuarzo Diopsido Epidota Estaurolita Glaucofana Granate Hauyna Hornblenda Leucita Microclina Nefelina Olivino Ortoanfíbol Ortopiroxeno Ortoclasa Oxihornblenda Plagioclasa Rutilo Serpentina Sillimanita Talco Titanita Turmalina Zircón Seleccione 
    un mineral de la lista o elija un grupo de la izquierda"
Granate,https://www.ugr.es/~minpet/pages/docencia/opticamineral/paginas/granate.htm,https://www.ugr.es/~minpet/pages/docencia/opticamineral/paginas/bdsil.JPG | https://www.ugr.es/~minpet/pages/docencia/opticamineral/paginas/bdnesopb.JPG | https://www.ugr.es/~minpet/pages/docencia/opticamineral/paginas/bdcuadp.JPG | https://www.ugr.es/~minpet/pages/docencia/opticamineral/paginas/bdsorop.JPG | https://www.ugr.es/~minpet/pages/docencia/opticamineral/paginas/bdciclop.JPG | https://www.ugr.es/~minpet/pages/docencia/opticamineral/paginas/bdinop.JPG | https://www.ugr.es/~minpet/pages/docencia/opticamineral/paginas/bdfilop.JPG | https://www.ugr.es/~minpet/pages/docencia/opticamineral/paginas/bdtectop.JPG | https://www.ugr.es/~minpet/pages/docencia/opticamineral/paginas/bdol.gif | https://www.ugr.es/~minpet/pages/docencia/opticamineral/paginas/inicio.JPG | https://www.ugr.es/~minpet/pages/docencia/opticamineral/paginas/propiedades.JPG | https://www.ugr.es/~minpet/pages/docencia/opticamineral/paginas/tutorial.JPG | https://www.ugr.es/~minpet/pages/docencia/opticamineral/paginas/identifica.JPG | https://www.ugr.es/~minpet/pages/docencia/opticamineral/paginas/nuevo-4R1C1.JPG | https://www.ugr.es/~minpet/pages/docencia/opticamineral/paginas/bdimag.JPG | https://www.ugr.es/~minpet/pages/docencia/opticamineral/paginas/bdimagte.JPG | https://www.ugr.es/~minpet/pages/docencia/opticamineral/paginas/gran1.JPG | https://www.ugr.es/~minpet/pages/docencia/opticamineral/paginas/bdimagcom.JPG | https://www.ugr.es/~minpet/pages/docencia/opticamineral/paginas/bdimanal.JPG | https://www.ugr.es/~minpet/pages/docencia/opticamineral/paginas/bdcampfu.JPG | https://www.ugr.es/~minpet/pages/docencia/opticamineral/paginas/bdanalfub.JPG | https://www.ugr.es/~minpet/pages/docencia/opticamineral/paginas/bdanden.JPG | https://www.ugr.es/~minpet/pages/docencia/opticamineral/paginas/bdesc.JPG | https://www.ugr.es/~minpet/pages/docencia/opticamineral/paginas/bdamp.JPG | https://www.ugr.es/~minpet/pages/docencia/opticamineral/paginas/bdimmas.JPG | https://www.ugr.es/~minpet/pages/docencia/opticamineral/paginas/bdcampden.JPG | https://www.ugr.es/~minpet/pages/docencia/opticamineral/paginas/bdtit.JPG | https://www.ugr.es/~minpet/pages/docencia/opticamineral/paginas/bdandenb.JPG | https://www.ugr.es/~minpet/pages/docencia/opticamineral/paginas/bdanalfu.JPG | https://www.ugr.es/~minpet/pages/docencia/opticamineral/paginas/gran1x.JPG | https://www.ugr.es/~minpet/pages/docencia/opticamineral/paginas/bdsinesc.JPG | https://www.ugr.es/~minpet/pages/docencia/opticamineral/paginas/escol1.JPG | https://www.ugr.es/~minpet/pages/docencia/opticamineral/paginas/bdgran3.JPG | https://www.ugr.es/~minpet/pages/docencia/opticamineral/paginas/bdgran3x.JPG | https://www.ugr.es/~minpet/pages/docencia/opticamineral/paginas/escol1.JPG | https://www.ugr.es/~minpet/pages/docencia/opticamineral/paginas/bdanalfub.JPG | https://www.ugr.es/~minpet/pages/docencia/opticamineral/paginas/bdanalfu.JPG | https://www.ugr.es/~minpet/pages/docencia/opticamineral/paginas/bdanden.JPG | https://www.ugr.es/~minpet/pages/docencia/opticamineral/paginas/bdandenb.JPG | https://www.ugr.es/~minpet/pages/docencia/opticamineral/paginas/bdmasgt3.JPG | https://www.ugr.es/~minpet/pages/docencia/opticamineral/paginas/bdmasgt2.JPG | https://www.ugr.es/~minpet/pages/docencia/opticamineral/paginas/bdmasgt1.JPG | https://www.ugr.es/~minpet/pages/docencia/opticamineral/paginas/bdmas0.JPG | https://www.ugr.es/~minpet/pages/docencia/opticamineral/paginas/bdgran4.JPG | https://www.ugr.es/~minpet/pages/docencia/opticamineral/paginas/bdgran4x.JPG | https://www.ugr.es/~minpet/pages/docencia/opticamineral/paginas/esgran4.JPG | https://www.ugr.es/~minpet/pages/docencia/opticamineral/paginas/bdanalfub.JPG | https://www.ugr.es/~minpet/pages/docencia/opticamineral/paginas/bdanalfu.JPG | https://www.ugr.es/~minpet/pages/docencia/opticamineral/paginas/bdanden.JPG | https://www.ugr.es/~minpet/pages/docencia/opticamineral/paginas/bdandenb.JPG | https://www.ugr.es/~minpet/pages/docencia/opticamineral/paginas/bdamp.JPG | https://www.ugr.es/~minpet/pages/docencia/opticamineral/paginas/bdamp.JPG | https://www.ugr.es/~minpet/pages/docencia/opticamineral/paginas/bdamp.JPG | https://www.ugr.es/~minpet/pages/docencia/opticamineral/paginas/bdamp.JPG | https://www.ugr.es/~minpet/pages/docencia/opticamineral/paginas/bdamp.JPG | https://www.ugr.es/~minpet/pages/docencia/opticamineral/paginas/bdrest.JPG | https://www.ugr.es/~minpet/pages/docencia/opticamineral/paginas/bdimagpb.JPG | https://www.ugr.es/~minpet/pages/docencia/opticamineral/paginas/bdimagesta.JPG | https://www.ugr.es/~minpet/pages/docencia/opticamineral/paginas/bdimagotra.JPG | https://www.ugr.es/~minpet/pages/docencia/opticamineral/paginas/bdesc.JPG | https://www.ugr.es/~minpet/pages/docencia/opticamineral/paginas/bdsinesc.JPG,"Base de datos. Granate. GRANATE X 3 Y 2 (SiO 4 ) 3 Hábito: euhédrico 
              (110), poligonal, esquelético, inclusiones común Exfoliación: ausente; 
              partición (110) en algunas ocasiones Maclas: complejas, 
              sectorial, en granates birrefringentes (Ca o Mn) Color/Pleocroismo: variable: 
              incoloro, rosado, amarillo, verde Relieve: alto, 
              muy alto + N 1,774-1,887 Birrefringencia: 0-0,008 
              (anóm) Color 
              de interferencia: negro Ángulo 
              de extinción: Signo 
              de elongación: Tipo 
              óptico: isótropo Signo 
              Óptico: 2V: Otros 
              datos: Anomalía 
              óptica: granates Ca o Mn N 
              medio: Alm=1,83; Pir=1,71; Esp=1,80; Gro=1,73; And=1,89; Uva=1,86. 
              Zonación (Gros-And). Alteración: clorita, oxi/hx de 
              Fe o Mn, epidota. (Mg,Fe)2SiO4 (Mg,Fe)2SiO4 Granate incoloro Roca metamórfica Granate 
        rosado Roca metamórfica Granate 
        con inclusiones rotadas Roca metamórfica Apatito Calcita Dolomita Espinela Rutilo Yeso ........................................... Seleccione 
    un mineral de la lista que se muestra a continuación Seleccione un nesosilicato Olivino Granate Andalucita Sillimanita Distena Cloritoide Estaurolita Titanita Zircón Seleccione 
    un mineral de la lista o elija un grupo de la izquierda ............................................ Andalucita Augita Biotita Cianita Clorita Cloritoide Cordierita Cuarzo Diopsido Epidota Estaurolita Glaucofana Granate Hauyna Hornblenda Leucita Microclina Nefelina Olivino Ortoanfíbol Ortopiroxeno Ortoclasa Oxihornblenda Plagioclasa Rutilo Serpentina Sillimanita Talco Titanita Turmalina Zircón"
Hauyna,https://www.ugr.es/~minpet/pages/docencia/opticamineral/paginas/hauy.htm,https://www.ugr.es/~minpet/pages/docencia/opticamineral/paginas/bdsil.JPG | https://www.ugr.es/~minpet/pages/docencia/opticamineral/paginas/bdnesop.JPG | https://www.ugr.es/~minpet/pages/docencia/opticamineral/paginas/bdcuadp.JPG | https://www.ugr.es/~minpet/pages/docencia/opticamineral/paginas/bdsorop.JPG | https://www.ugr.es/~minpet/pages/docencia/opticamineral/paginas/bdciclop.JPG | https://www.ugr.es/~minpet/pages/docencia/opticamineral/paginas/bdinop.JPG | https://www.ugr.es/~minpet/pages/docencia/opticamineral/paginas/bdfilop.JPG | https://www.ugr.es/~minpet/pages/docencia/opticamineral/paginas/bdtectopb.JPG | https://www.ugr.es/~minpet/pages/docencia/opticamineral/paginas/bdol.gif | https://www.ugr.es/~minpet/pages/docencia/opticamineral/paginas/inicio.JPG | https://www.ugr.es/~minpet/pages/docencia/opticamineral/paginas/propiedades.JPG | https://www.ugr.es/~minpet/pages/docencia/opticamineral/paginas/tutorial.JPG | https://www.ugr.es/~minpet/pages/docencia/opticamineral/paginas/identifica.JPG | https://www.ugr.es/~minpet/pages/docencia/opticamineral/paginas/nuevo-4R1C1.JPG | https://www.ugr.es/~minpet/pages/docencia/opticamineral/paginas/bdhauy.JPG | https://www.ugr.es/~minpet/pages/docencia/opticamineral/paginas/bdimagcom.JPG | https://www.ugr.es/~minpet/pages/docencia/opticamineral/paginas/bdimanal.JPG | https://www.ugr.es/~minpet/pages/docencia/opticamineral/paginas/bdcampfu.JPG | https://www.ugr.es/~minpet/pages/docencia/opticamineral/paginas/bdanalfub.JPG | https://www.ugr.es/~minpet/pages/docencia/opticamineral/paginas/bdanden.JPG | https://www.ugr.es/~minpet/pages/docencia/opticamineral/paginas/bdesc.JPG | https://www.ugr.es/~minpet/pages/docencia/opticamineral/paginas/bdamp.JPG | https://www.ugr.es/~minpet/pages/docencia/opticamineral/paginas/bdimmas.JPG | https://www.ugr.es/~minpet/pages/docencia/opticamineral/paginas/bdcampden.JPG | https://www.ugr.es/~minpet/pages/docencia/opticamineral/paginas/bdtit.JPG | https://www.ugr.es/~minpet/pages/docencia/opticamineral/paginas/bdandenb.JPG | https://www.ugr.es/~minpet/pages/docencia/opticamineral/paginas/bdanalfu.JPG | https://www.ugr.es/~minpet/pages/docencia/opticamineral/paginas/bdhauyx.JPG | https://www.ugr.es/~minpet/pages/docencia/opticamineral/paginas/bdsinesc.JPG | https://www.ugr.es/~minpet/pages/docencia/opticamineral/paginas/escsil1.JPG | https://www.ugr.es/~minpet/pages/docencia/opticamineral/paginas/bdol2.JPG | https://www.ugr.es/~minpet/pages/docencia/opticamineral/paginas/bdol2x.JPG | https://www.ugr.es/~minpet/pages/docencia/opticamineral/paginas/escol1.JPG | https://www.ugr.es/~minpet/pages/docencia/opticamineral/paginas/bdanalfub.JPG | https://www.ugr.es/~minpet/pages/docencia/opticamineral/paginas/bdanalfu.JPG | https://www.ugr.es/~minpet/pages/docencia/opticamineral/paginas/bdanden.JPG | https://www.ugr.es/~minpet/pages/docencia/opticamineral/paginas/bdandenb.JPG | https://www.ugr.es/~minpet/pages/docencia/opticamineral/paginas/bdmas3.JPG | https://www.ugr.es/~minpet/pages/docencia/opticamineral/paginas/bdmas2.JPG | https://www.ugr.es/~minpet/pages/docencia/opticamineral/paginas/bdmas1.JPG | https://www.ugr.es/~minpet/pages/docencia/opticamineral/paginas/bdmas0.JPG | https://www.ugr.es/~minpet/pages/docencia/opticamineral/paginas/bdol3.JPG | https://www.ugr.es/~minpet/pages/docencia/opticamineral/paginas/bdol3x.JPG | https://www.ugr.es/~minpet/pages/docencia/opticamineral/paginas/escol1.JPG | https://www.ugr.es/~minpet/pages/docencia/opticamineral/paginas/bdanalfub.JPG | https://www.ugr.es/~minpet/pages/docencia/opticamineral/paginas/bdanalfu.JPG | https://www.ugr.es/~minpet/pages/docencia/opticamineral/paginas/bdanden.JPG | https://www.ugr.es/~minpet/pages/docencia/opticamineral/paginas/bdandenb.JPG | https://www.ugr.es/~minpet/pages/docencia/opticamineral/paginas/bdamp.JPG | https://www.ugr.es/~minpet/pages/docencia/opticamineral/paginas/bdamp.JPG | https://www.ugr.es/~minpet/pages/docencia/opticamineral/paginas/bdamp.JPG | https://www.ugr.es/~minpet/pages/docencia/opticamineral/paginas/bdamp.JPG | https://www.ugr.es/~minpet/pages/docencia/opticamineral/paginas/bdamp.JPG | https://www.ugr.es/~minpet/pages/docencia/opticamineral/paginas/bdrest.JPG | https://www.ugr.es/~minpet/pages/docencia/opticamineral/paginas/bdimagpb.JPG | https://www.ugr.es/~minpet/pages/docencia/opticamineral/paginas/bdimagesta.JPG | https://www.ugr.es/~minpet/pages/docencia/opticamineral/paginas/bdimagotra.JPG | https://www.ugr.es/~minpet/pages/docencia/opticamineral/paginas/bdtitand.JPG | https://www.ugr.es/~minpet/pages/docencia/opticamineral/paginas/bdimagahau.JPG,"Base de datos. Hauyna. HAUYNA (Na,Ca) 4-8 Al 6 Si 6 O 24 (SO 4 ,Cl) 1-2 Hábito: granular, 
              poligonal (dodecaédrico), anhédrico Exfoliación: (110) 
              pobre, poco visible Maclas: (111) 
              observable sólo en la forma externa Color/Pleocroismo: incoloro 
              o azul pálido (Haüyna), azul (Lazurita) Relieve: bajo 
              - Ng: 1,496-1,522 Nm: Np: Birrefringencia: 0 Color 
              de interferencia: Ángulo 
              de extinción: Signo 
              de elongación: Tipo 
              óptico: isótropo Signo 
              Óptico: 2V: Otros 
              datos: Pueden 
              tener débil birrefringencia. Zonación de inclusiones. 
              Haüyna: N=1,496-1,508; Lazurita (aprox. Haüyna con S): 
              N=1,500-1,522. Alteración: zeolitas, cancrinita, miner. arcilla. Grupo de la Sodalita. (Mg,Fe)2SiO4 (Mg,Fe)2SiO4 Hauyna Roca volcánica Olivino xenomorfo Roca plutónica Olivino idiomorfo Roca volcánica Apatito Calcita Dolomita Espinela Rutilo Yeso ........................................... Seleccione 
    un mineral de la lista que se muestra a continuación Seleccione un tectosilicato Cuarzo Hauyna Leucita Microclina Nefelina Ortoclasa Plagioclasa ............................................ Andalucita Augita Biotita Cianita Clorita Cloritoide Cordierita Cuarzo Diopsido Epidota Estaurolita Glaucofana Granate Hauyna Hornblenda Leucita Microclina Nefelina Olivino Ortoanfíbol Ortopiroxeno Ortoclasa Oxihornblenda Plagioclasa Rutilo Serpentina Sillimanita Talco Titanita Turmalina Zircón Seleccione 
    un mineral de la lista o elija un grupo de la izquierda"
Hornblenda,https://www.ugr.es/~minpet/pages/docencia/opticamineral/paginas/hornbl.htm,https://www.ugr.es/~minpet/pages/docencia/opticamineral/paginas/bdsil.JPG | https://www.ugr.es/~minpet/pages/docencia/opticamineral/paginas/bdnesop.JPG | https://www.ugr.es/~minpet/pages/docencia/opticamineral/paginas/bdcuadp.JPG | https://www.ugr.es/~minpet/pages/docencia/opticamineral/paginas/bdsorop.JPG | https://www.ugr.es/~minpet/pages/docencia/opticamineral/paginas/bdciclop.JPG | https://www.ugr.es/~minpet/pages/docencia/opticamineral/paginas/bdinopb.JPG | https://www.ugr.es/~minpet/pages/docencia/opticamineral/paginas/bdfilop.JPG | https://www.ugr.es/~minpet/pages/docencia/opticamineral/paginas/bdtectop.JPG | https://www.ugr.es/~minpet/pages/docencia/opticamineral/paginas/bdol.gif | https://www.ugr.es/~minpet/pages/docencia/opticamineral/paginas/inicio.JPG | https://www.ugr.es/~minpet/pages/docencia/opticamineral/paginas/propiedades.JPG | https://www.ugr.es/~minpet/pages/docencia/opticamineral/paginas/tutorial.JPG | https://www.ugr.es/~minpet/pages/docencia/opticamineral/paginas/identifica.JPG | https://www.ugr.es/~minpet/pages/docencia/opticamineral/paginas/nuevo-4R1C1.JPG | https://www.ugr.es/~minpet/pages/docencia/opticamineral/paginas/bdhorn.JPG | https://www.ugr.es/~minpet/pages/docencia/opticamineral/paginas/bdimagcom.JPG | https://www.ugr.es/~minpet/pages/docencia/opticamineral/paginas/bdimanal.JPG | https://www.ugr.es/~minpet/pages/docencia/opticamineral/paginas/bdcampfu.JPG | https://www.ugr.es/~minpet/pages/docencia/opticamineral/paginas/bdanalfub.JPG | https://www.ugr.es/~minpet/pages/docencia/opticamineral/paginas/bdanden.JPG | https://www.ugr.es/~minpet/pages/docencia/opticamineral/paginas/bdesc.JPG | https://www.ugr.es/~minpet/pages/docencia/opticamineral/paginas/bdamp.JPG | https://www.ugr.es/~minpet/pages/docencia/opticamineral/paginas/bdimmas.JPG | https://www.ugr.es/~minpet/pages/docencia/opticamineral/paginas/bdcampden.JPG | https://www.ugr.es/~minpet/pages/docencia/opticamineral/paginas/bdtit.JPG | https://www.ugr.es/~minpet/pages/docencia/opticamineral/paginas/bdandenb.JPG | https://www.ugr.es/~minpet/pages/docencia/opticamineral/paginas/bdanalfu.JPG | https://www.ugr.es/~minpet/pages/docencia/opticamineral/paginas/bdhornx.JPG | https://www.ugr.es/~minpet/pages/docencia/opticamineral/paginas/bdsinesc.JPG | https://www.ugr.es/~minpet/pages/docencia/opticamineral/paginas/escol1.JPG | https://www.ugr.es/~minpet/pages/docencia/opticamineral/paginas/bdol2.JPG | https://www.ugr.es/~minpet/pages/docencia/opticamineral/paginas/bdol2x.JPG | https://www.ugr.es/~minpet/pages/docencia/opticamineral/paginas/escol1.JPG | https://www.ugr.es/~minpet/pages/docencia/opticamineral/paginas/bdanalfub.JPG | https://www.ugr.es/~minpet/pages/docencia/opticamineral/paginas/bdanalfu.JPG | https://www.ugr.es/~minpet/pages/docencia/opticamineral/paginas/bdanden.JPG | https://www.ugr.es/~minpet/pages/docencia/opticamineral/paginas/bdandenb.JPG | https://www.ugr.es/~minpet/pages/docencia/opticamineral/paginas/bdmas3.JPG | https://www.ugr.es/~minpet/pages/docencia/opticamineral/paginas/bdmas2.JPG | https://www.ugr.es/~minpet/pages/docencia/opticamineral/paginas/bdmas1.JPG | https://www.ugr.es/~minpet/pages/docencia/opticamineral/paginas/bdmas0.JPG | https://www.ugr.es/~minpet/pages/docencia/opticamineral/paginas/bdol3.JPG | https://www.ugr.es/~minpet/pages/docencia/opticamineral/paginas/bdol3x.JPG | https://www.ugr.es/~minpet/pages/docencia/opticamineral/paginas/escol1.JPG | https://www.ugr.es/~minpet/pages/docencia/opticamineral/paginas/bdanalfub.JPG | https://www.ugr.es/~minpet/pages/docencia/opticamineral/paginas/bdanalfu.JPG | https://www.ugr.es/~minpet/pages/docencia/opticamineral/paginas/bdanden.JPG | https://www.ugr.es/~minpet/pages/docencia/opticamineral/paginas/bdandenb.JPG | https://www.ugr.es/~minpet/pages/docencia/opticamineral/paginas/bdamp.JPG | https://www.ugr.es/~minpet/pages/docencia/opticamineral/paginas/bdamp.JPG | https://www.ugr.es/~minpet/pages/docencia/opticamineral/paginas/bdamp.JPG | https://www.ugr.es/~minpet/pages/docencia/opticamineral/paginas/bdamp.JPG | https://www.ugr.es/~minpet/pages/docencia/opticamineral/paginas/bdamp.JPG | https://www.ugr.es/~minpet/pages/docencia/opticamineral/paginas/bdrest.JPG | https://www.ugr.es/~minpet/pages/docencia/opticamineral/paginas/bdimagpb.JPG | https://www.ugr.es/~minpet/pages/docencia/opticamineral/paginas/bdimagesta.JPG | https://www.ugr.es/~minpet/pages/docencia/opticamineral/paginas/bdimagotra.JPG | https://www.ugr.es/~minpet/pages/docencia/opticamineral/paginas/bdtitand.JPG | https://www.ugr.es/~minpet/pages/docencia/opticamineral/paginas/bdimaghb.JPG,"Base de datos. Hornblenda. HORNBLENDA Ca 2 (Mg,Fe,Al) 5 Si 8 O 22 (OH) 2 Hábito: prismático 
              (c), secc. basal romboidal o hexagonal, anhédrico Exfoliación: (110) 
              perfecta 56°; partición (100) y (001) Maclas: c omún 
              (100) simple o lamelar Color/Pleocroismo: verde, 
              verde azulado, marrón, amarillo marrón. Pleocr. moderado, 
              Z>Y>X Relieve: + 
                medio/alto Ng: 1,620-1,760 Nm: 1,612-1,731 Np: 1,610-1,728 Birrefringencia: 0,02 Color 
              de interferencia: 1, 
              2 Ángulo 
              de extinción: 12-34 Signo 
              de elongación: positivo Tipo 
              óptico: biáxico Signo 
              Óptico: negativo 
              (+ raro) 2V: 44-90 Otros 
              datos: Alteración: 
              biotita, clorita, epidota, calcita. 2V: generalm. 65-85 (-), Mg-PARGASITA=56-90 
              (+), HASTINGSITA 2V casi hasta 0. (Mg,Fe)2SiO4 (Mg,Fe)2SiO4 Hornblenda 
        maclada Roca volcánica Olivino xenomorfo Roca plutónica Olivino idiomorfo Roca volcánica Apatito Calcita Dolomita Espinela Rutilo Yeso ........................................... Seleccione 
    un mineral de la lista que se muestra a continuación Seleccione un inosilicato --------------------------- Piroxenos --------------------------- Augita Diopsido Ortopiroxeno --------------------------- Anfíboles --------------------------- Glaucofana Hornblenda Ortoanfibol Oxihornblenda Seleccione 
    un mineral de la lista o elija un grupo de la izquierda ............................................ Andalucita Augita Biotita Cianita Clorita Cloritoide Cordierita Cuarzo Diopsido Epidota Estaurolita Glaucofana Granate Hauyna Hornblenda Leucita Microclina Nefelina Olivino Ortoanfíbol Ortopiroxeno Ortoclasa Oxihornblenda Plagioclasa Rutilo Serpentina Sillimanita Talco Titanita Turmalina Zircón"
Leucita,https://www.ugr.es/~minpet/pages/docencia/opticamineral/paginas/leucita.htm,https://www.ugr.es/~minpet/pages/docencia/opticamineral/paginas/bdsil.JPG | https://www.ugr.es/~minpet/pages/docencia/opticamineral/paginas/bdnesop.JPG | https://www.ugr.es/~minpet/pages/docencia/opticamineral/paginas/bdcuadp.JPG | https://www.ugr.es/~minpet/pages/docencia/opticamineral/paginas/bdsorop.JPG | https://www.ugr.es/~minpet/pages/docencia/opticamineral/paginas/bdciclop.JPG | https://www.ugr.es/~minpet/pages/docencia/opticamineral/paginas/bdinop.JPG | https://www.ugr.es/~minpet/pages/docencia/opticamineral/paginas/bdfilop.JPG | https://www.ugr.es/~minpet/pages/docencia/opticamineral/paginas/bdtectopb.JPG | https://www.ugr.es/~minpet/pages/docencia/opticamineral/paginas/bdol.gif | https://www.ugr.es/~minpet/pages/docencia/opticamineral/paginas/inicio.JPG | https://www.ugr.es/~minpet/pages/docencia/opticamineral/paginas/propiedades.JPG | https://www.ugr.es/~minpet/pages/docencia/opticamineral/paginas/tutorial.JPG | https://www.ugr.es/~minpet/pages/docencia/opticamineral/paginas/identifica.JPG | https://www.ugr.es/~minpet/pages/docencia/opticamineral/paginas/nuevo-4R1C1.JPG | https://www.ugr.es/~minpet/pages/docencia/opticamineral/paginas/bdleucita.JPG | https://www.ugr.es/~minpet/pages/docencia/opticamineral/paginas/bdimagcom.JPG | https://www.ugr.es/~minpet/pages/docencia/opticamineral/paginas/bdimanal.JPG | https://www.ugr.es/~minpet/pages/docencia/opticamineral/paginas/bdcampfu.JPG | https://www.ugr.es/~minpet/pages/docencia/opticamineral/paginas/bdanalfub.JPG | https://www.ugr.es/~minpet/pages/docencia/opticamineral/paginas/bdanden.JPG | https://www.ugr.es/~minpet/pages/docencia/opticamineral/paginas/bdesc.JPG | https://www.ugr.es/~minpet/pages/docencia/opticamineral/paginas/bdamp.JPG | https://www.ugr.es/~minpet/pages/docencia/opticamineral/paginas/bdimmas.JPG | https://www.ugr.es/~minpet/pages/docencia/opticamineral/paginas/bdcampden.JPG | https://www.ugr.es/~minpet/pages/docencia/opticamineral/paginas/bdtit.JPG | https://www.ugr.es/~minpet/pages/docencia/opticamineral/paginas/bdandenb.JPG | https://www.ugr.es/~minpet/pages/docencia/opticamineral/paginas/bdanalfu.JPG | https://www.ugr.es/~minpet/pages/docencia/opticamineral/paginas/bdleuc.JPG | https://www.ugr.es/~minpet/pages/docencia/opticamineral/paginas/bdsinesc.JPG | https://www.ugr.es/~minpet/pages/docencia/opticamineral/paginas/escol1.JPG | https://www.ugr.es/~minpet/pages/docencia/opticamineral/paginas/bdol2.JPG | https://www.ugr.es/~minpet/pages/docencia/opticamineral/paginas/bdol2x.JPG | https://www.ugr.es/~minpet/pages/docencia/opticamineral/paginas/escol1.JPG | https://www.ugr.es/~minpet/pages/docencia/opticamineral/paginas/bdanalfub.JPG | https://www.ugr.es/~minpet/pages/docencia/opticamineral/paginas/bdanalfu.JPG | https://www.ugr.es/~minpet/pages/docencia/opticamineral/paginas/bdanden.JPG | https://www.ugr.es/~minpet/pages/docencia/opticamineral/paginas/bdandenb.JPG | https://www.ugr.es/~minpet/pages/docencia/opticamineral/paginas/bdmas3.JPG | https://www.ugr.es/~minpet/pages/docencia/opticamineral/paginas/bdmas2.JPG | https://www.ugr.es/~minpet/pages/docencia/opticamineral/paginas/bdmas1.JPG | https://www.ugr.es/~minpet/pages/docencia/opticamineral/paginas/bdmas0.JPG | https://www.ugr.es/~minpet/pages/docencia/opticamineral/paginas/bdol3.JPG | https://www.ugr.es/~minpet/pages/docencia/opticamineral/paginas/bdol3x.JPG | https://www.ugr.es/~minpet/pages/docencia/opticamineral/paginas/escol1.JPG | https://www.ugr.es/~minpet/pages/docencia/opticamineral/paginas/bdanalfub.JPG | https://www.ugr.es/~minpet/pages/docencia/opticamineral/paginas/bdanalfu.JPG | https://www.ugr.es/~minpet/pages/docencia/opticamineral/paginas/bdanden.JPG | https://www.ugr.es/~minpet/pages/docencia/opticamineral/paginas/bdandenb.JPG | https://www.ugr.es/~minpet/pages/docencia/opticamineral/paginas/bdamp.JPG | https://www.ugr.es/~minpet/pages/docencia/opticamineral/paginas/bdamp.JPG | https://www.ugr.es/~minpet/pages/docencia/opticamineral/paginas/bdamp.JPG | https://www.ugr.es/~minpet/pages/docencia/opticamineral/paginas/bdamp.JPG | https://www.ugr.es/~minpet/pages/docencia/opticamineral/paginas/bdamp.JPG | https://www.ugr.es/~minpet/pages/docencia/opticamineral/paginas/bdrest.JPG | https://www.ugr.es/~minpet/pages/docencia/opticamineral/paginas/bdimagpb.JPG | https://www.ugr.es/~minpet/pages/docencia/opticamineral/paginas/bdimagesta.JPG | https://www.ugr.es/~minpet/pages/docencia/opticamineral/paginas/bdimagotra.JPG | https://www.ugr.es/~minpet/pages/docencia/opticamineral/paginas/bdtitand.JPG | https://www.ugr.es/~minpet/pages/docencia/opticamineral/paginas/bdimagleu.JPG,"Base de datos. Leucita. LEUCITA KAlSi 2 O 6 Hábito: poligonal 
              (trapezoedro) a casi circular, también anhédrico en 
              matriz Exfoliación: no Maclas: muy 
              común, (110) polisintética y compleja Color/Pleocroismo: incoloro Relieve: bajo 
              - Ng: 1,508-1,511 Nm: Np: Birrefringencia: 0,000-0,001 Color 
              de interferencia: Ángulo 
              de extinción: Signo 
              de elongación: Tipo 
              óptico: uniáxico, 
              isótropo Signo 
              Óptico: positivo 2V: 0 Otros 
              datos: Puede 
              tener 2V muy pequeño. Alteración: nefelina, FdK, analcima, miner. arcilla. (Mg,Fe)2SiO4 (Mg,Fe)2SiO4 Leucita Roca volcánica Olivino xenomorfo Roca plutónica Olivino idiomorfo Roca volcánica Apatito Calcita Dolomita Espinela Rutilo Yeso ........................................... Seleccione 
    un mineral de la lista que se muestra a continuación Seleccione un tectosilicato Cuarzo Hauyna Leucita Microclina Nefelina Ortoclasa Plagioclasa ............................................ Andalucita Augita Biotita Cianita Clorita Cloritoide Cordierita Cuarzo Diopsido Epidota Estaurolita Glaucofana Granate Hauyna Hornblenda Leucita Microclina Nefelina Olivino Ortoanfíbol Ortopiroxeno Ortoclasa Oxihornblenda Plagioclasa Rutilo Serpentina Sillimanita Talco Titanita Turmalina Zircón Seleccione 
    un mineral de la lista o elija un grupo de la izquierda"
Microclina,https://www.ugr.es/~minpet/pages/docencia/opticamineral/paginas/microcl.htm,https://www.ugr.es/~minpet/pages/docencia/opticamineral/paginas/bdsil.JPG | https://www.ugr.es/~minpet/pages/docencia/opticamineral/paginas/bdnesop.JPG | https://www.ugr.es/~minpet/pages/docencia/opticamineral/paginas/bdcuadp.JPG | https://www.ugr.es/~minpet/pages/docencia/opticamineral/paginas/bdsorop.JPG | https://www.ugr.es/~minpet/pages/docencia/opticamineral/paginas/bdciclop.JPG | https://www.ugr.es/~minpet/pages/docencia/opticamineral/paginas/bdinop.JPG | https://www.ugr.es/~minpet/pages/docencia/opticamineral/paginas/bdfilop.JPG | https://www.ugr.es/~minpet/pages/docencia/opticamineral/paginas/bdtectopb.JPG | https://www.ugr.es/~minpet/pages/docencia/opticamineral/paginas/bdol.gif | https://www.ugr.es/~minpet/pages/docencia/opticamineral/paginas/inicio.JPG | https://www.ugr.es/~minpet/pages/docencia/opticamineral/paginas/propiedades.JPG | https://www.ugr.es/~minpet/pages/docencia/opticamineral/paginas/tutorial.JPG | https://www.ugr.es/~minpet/pages/docencia/opticamineral/paginas/identifica.JPG | https://www.ugr.es/~minpet/pages/docencia/opticamineral/paginas/nuevo-4R1C1.JPG | https://www.ugr.es/~minpet/pages/docencia/opticamineral/paginas/bdmicr.JPG | https://www.ugr.es/~minpet/pages/docencia/opticamineral/paginas/bdimagcom.JPG | https://www.ugr.es/~minpet/pages/docencia/opticamineral/paginas/bdimanal.JPG | https://www.ugr.es/~minpet/pages/docencia/opticamineral/paginas/bdcampfu.JPG | https://www.ugr.es/~minpet/pages/docencia/opticamineral/paginas/bdanalfub.JPG | https://www.ugr.es/~minpet/pages/docencia/opticamineral/paginas/bdanden.JPG | https://www.ugr.es/~minpet/pages/docencia/opticamineral/paginas/bdesc.JPG | https://www.ugr.es/~minpet/pages/docencia/opticamineral/paginas/bdamp.JPG | https://www.ugr.es/~minpet/pages/docencia/opticamineral/paginas/bdimmas.JPG | https://www.ugr.es/~minpet/pages/docencia/opticamineral/paginas/bdcampden.JPG | https://www.ugr.es/~minpet/pages/docencia/opticamineral/paginas/bdtit.JPG | https://www.ugr.es/~minpet/pages/docencia/opticamineral/paginas/bdandenb.JPG | https://www.ugr.es/~minpet/pages/docencia/opticamineral/paginas/bdanalfu.JPG | https://www.ugr.es/~minpet/pages/docencia/opticamineral/paginas/bdmicrx.JPG | https://www.ugr.es/~minpet/pages/docencia/opticamineral/paginas/bdsinesc.JPG | https://www.ugr.es/~minpet/pages/docencia/opticamineral/paginas/escol1.JPG | https://www.ugr.es/~minpet/pages/docencia/opticamineral/paginas/bdgran3.JPG | https://www.ugr.es/~minpet/pages/docencia/opticamineral/paginas/bdgran3x.JPG | https://www.ugr.es/~minpet/pages/docencia/opticamineral/paginas/escol1.JPG | https://www.ugr.es/~minpet/pages/docencia/opticamineral/paginas/bdanalfub.JPG | https://www.ugr.es/~minpet/pages/docencia/opticamineral/paginas/bdanalfu.JPG | https://www.ugr.es/~minpet/pages/docencia/opticamineral/paginas/bdanden.JPG | https://www.ugr.es/~minpet/pages/docencia/opticamineral/paginas/bdandenb.JPG | https://www.ugr.es/~minpet/pages/docencia/opticamineral/paginas/bdmasil3.JPG | https://www.ugr.es/~minpet/pages/docencia/opticamineral/paginas/bdmasmi2.jpg | https://www.ugr.es/~minpet/pages/docencia/opticamineral/paginas/bdmasmi1.JPG | https://www.ugr.es/~minpet/pages/docencia/opticamineral/paginas/bdmas0.JPG | https://www.ugr.es/~minpet/pages/docencia/opticamineral/paginas/bdmicr2.JPG | https://www.ugr.es/~minpet/pages/docencia/opticamineral/paginas/bdmicr2x.JPG | https://www.ugr.es/~minpet/pages/docencia/opticamineral/paginas/escol1.JPG | https://www.ugr.es/~minpet/pages/docencia/opticamineral/paginas/bdanalfub.JPG | https://www.ugr.es/~minpet/pages/docencia/opticamineral/paginas/bdanalfu.JPG | https://www.ugr.es/~minpet/pages/docencia/opticamineral/paginas/bdanden.JPG | https://www.ugr.es/~minpet/pages/docencia/opticamineral/paginas/bdandenb.JPG | https://www.ugr.es/~minpet/pages/docencia/opticamineral/paginas/bdamp.JPG | https://www.ugr.es/~minpet/pages/docencia/opticamineral/paginas/bdamp.JPG | https://www.ugr.es/~minpet/pages/docencia/opticamineral/paginas/bdamp.JPG | https://www.ugr.es/~minpet/pages/docencia/opticamineral/paginas/bdamp.JPG | https://www.ugr.es/~minpet/pages/docencia/opticamineral/paginas/bdamp.JPG | https://www.ugr.es/~minpet/pages/docencia/opticamineral/paginas/bdrest.JPG | https://www.ugr.es/~minpet/pages/docencia/opticamineral/paginas/bdimagpb.JPG | https://www.ugr.es/~minpet/pages/docencia/opticamineral/paginas/bdimagesta.JPG | https://www.ugr.es/~minpet/pages/docencia/opticamineral/paginas/bdimagotra.JPG | https://www.ugr.es/~minpet/pages/docencia/opticamineral/paginas/bdesc.JPG | https://www.ugr.es/~minpet/pages/docencia/opticamineral/paginas/bdsinesc.JPG | https://www.ugr.es/~minpet/pages/docencia/opticamineral/paginas/bdtitand.JPG | https://www.ugr.es/~minpet/pages/docencia/opticamineral/paginas/bdimagmicr.JPG,"Base de datos. Microclina. (Mg,Fe)2SiO4 (Mg,Fe)2SiO4 Seleccione un tectosilicato Cuarzo Hauyna Leucita Microclina Nefelina Ortoclasa Plagioclasa Microclina Roca plutónica Granate 
        rosado Roca metamórfica Microclina Roca plutónica Apatito Calcita Dolomita Espinela Rutilo Yeso ........................................... Seleccione 
    un mineral de la lista que se muestra a continuación MICROCLINA KAlSi 3 O 8 Hábito: generalm. 
              anhédrico; cristales tabulares (010) y alargados Exfoliación: (001) 
              perfecta, (010) buena, forman 90° Maclas: múltiple 
              muy común: albita (010) y periclina (h0l) (enrejado); (021) 
              y (001) Color/Pleocroismo: incoloro 
              (aspecto turbio por alteración) Relieve: bajo 
              - Ng: 1,521-1,522 Nm: 1,518-1,519 Np: 1,514-1,516 Birrefringencia: 0,007 Color 
              de interferencia: 1 Ángulo 
              de extinción: 15 Signo 
              de elongación: Tipo 
              óptico: biáxico Signo 
              Óptico: negativo 2V: 70-85 
              común Otros 
                    datos: Extinción 
                    inclinada según exfoliación y caras. 2V>35° 
                    . Sección rómbica: maclas periclina casi perp. 
                    a (001) (83°). Maclas en enrejado bien definidas, ausentes 
                    a baja T (<300°C). Común pertítica. Alteración: caolinita, 
                    sericita. Seleccione 
    un mineral de la lista o elija un grupo de la izquierda ............................................ Andalucita Augita Biotita Cianita Clorita Cloritoide Cordierita Cuarzo Diopsido Epidota Estaurolita Glaucofana Granate Hauyna Hornblenda Leucita Microclina Nefelina Olivino Ortoanfíbol Ortopiroxeno Ortoclasa Oxihornblenda Plagioclasa Rutilo Serpentina Sillimanita Talco Titanita Turmalina Zircón"
Nefelina,https://www.ugr.es/~minpet/pages/docencia/opticamineral/paginas/nefel.htm,https://www.ugr.es/~minpet/pages/docencia/opticamineral/paginas/bdsil.JPG | https://www.ugr.es/~minpet/pages/docencia/opticamineral/paginas/bdnesop.JPG | https://www.ugr.es/~minpet/pages/docencia/opticamineral/paginas/bdcuadp.JPG | https://www.ugr.es/~minpet/pages/docencia/opticamineral/paginas/bdsorop.JPG | https://www.ugr.es/~minpet/pages/docencia/opticamineral/paginas/bdciclop.JPG | https://www.ugr.es/~minpet/pages/docencia/opticamineral/paginas/bdinop.JPG | https://www.ugr.es/~minpet/pages/docencia/opticamineral/paginas/bdfilop.JPG | https://www.ugr.es/~minpet/pages/docencia/opticamineral/paginas/bdtectopb.JPG | https://www.ugr.es/~minpet/pages/docencia/opticamineral/paginas/bdol.gif | https://www.ugr.es/~minpet/pages/docencia/opticamineral/paginas/inicio.JPG | https://www.ugr.es/~minpet/pages/docencia/opticamineral/paginas/propiedades.JPG | https://www.ugr.es/~minpet/pages/docencia/opticamineral/paginas/tutorial.JPG | https://www.ugr.es/~minpet/pages/docencia/opticamineral/paginas/identifica.JPG | https://www.ugr.es/~minpet/pages/docencia/opticamineral/paginas/nuevo-4R1C1.JPG | https://www.ugr.es/~minpet/pages/docencia/opticamineral/paginas/bdnef.JPG | https://www.ugr.es/~minpet/pages/docencia/opticamineral/paginas/bdimagcom.JPG | https://www.ugr.es/~minpet/pages/docencia/opticamineral/paginas/bdimanal.JPG | https://www.ugr.es/~minpet/pages/docencia/opticamineral/paginas/bdcampfu.JPG | https://www.ugr.es/~minpet/pages/docencia/opticamineral/paginas/bdanalfub.JPG | https://www.ugr.es/~minpet/pages/docencia/opticamineral/paginas/bdanden.JPG | https://www.ugr.es/~minpet/pages/docencia/opticamineral/paginas/bdesc.JPG | https://www.ugr.es/~minpet/pages/docencia/opticamineral/paginas/bdamp.JPG | https://www.ugr.es/~minpet/pages/docencia/opticamineral/paginas/bdimmas.JPG | https://www.ugr.es/~minpet/pages/docencia/opticamineral/paginas/bdcampden.JPG | https://www.ugr.es/~minpet/pages/docencia/opticamineral/paginas/bdtit.JPG | https://www.ugr.es/~minpet/pages/docencia/opticamineral/paginas/bdandenb.JPG | https://www.ugr.es/~minpet/pages/docencia/opticamineral/paginas/bdanalfu.JPG | https://www.ugr.es/~minpet/pages/docencia/opticamineral/paginas/bdnefx.JPG | https://www.ugr.es/~minpet/pages/docencia/opticamineral/paginas/bdsinesc.JPG | https://www.ugr.es/~minpet/pages/docencia/opticamineral/paginas/escol1.JPG | https://www.ugr.es/~minpet/pages/docencia/opticamineral/paginas/bdol2.JPG | https://www.ugr.es/~minpet/pages/docencia/opticamineral/paginas/bdol2x.JPG | https://www.ugr.es/~minpet/pages/docencia/opticamineral/paginas/escol1.JPG | https://www.ugr.es/~minpet/pages/docencia/opticamineral/paginas/bdanalfub.JPG | https://www.ugr.es/~minpet/pages/docencia/opticamineral/paginas/bdanalfu.JPG | https://www.ugr.es/~minpet/pages/docencia/opticamineral/paginas/bdanden.JPG | https://www.ugr.es/~minpet/pages/docencia/opticamineral/paginas/bdandenb.JPG | https://www.ugr.es/~minpet/pages/docencia/opticamineral/paginas/bdmas3.JPG | https://www.ugr.es/~minpet/pages/docencia/opticamineral/paginas/bdmas2.JPG | https://www.ugr.es/~minpet/pages/docencia/opticamineral/paginas/bdmas1.JPG | https://www.ugr.es/~minpet/pages/docencia/opticamineral/paginas/bdmas0.JPG | https://www.ugr.es/~minpet/pages/docencia/opticamineral/paginas/bdol3.JPG | https://www.ugr.es/~minpet/pages/docencia/opticamineral/paginas/bdol3x.JPG | https://www.ugr.es/~minpet/pages/docencia/opticamineral/paginas/escol1.JPG | https://www.ugr.es/~minpet/pages/docencia/opticamineral/paginas/bdanalfub.JPG | https://www.ugr.es/~minpet/pages/docencia/opticamineral/paginas/bdanalfu.JPG | https://www.ugr.es/~minpet/pages/docencia/opticamineral/paginas/bdanden.JPG | https://www.ugr.es/~minpet/pages/docencia/opticamineral/paginas/bdandenb.JPG | https://www.ugr.es/~minpet/pages/docencia/opticamineral/paginas/bdamp.JPG | https://www.ugr.es/~minpet/pages/docencia/opticamineral/paginas/bdamp.JPG | https://www.ugr.es/~minpet/pages/docencia/opticamineral/paginas/bdamp.JPG | https://www.ugr.es/~minpet/pages/docencia/opticamineral/paginas/bdamp.JPG | https://www.ugr.es/~minpet/pages/docencia/opticamineral/paginas/bdamp.JPG | https://www.ugr.es/~minpet/pages/docencia/opticamineral/paginas/bdrest.JPG | https://www.ugr.es/~minpet/pages/docencia/opticamineral/paginas/bdimagpb.JPG | https://www.ugr.es/~minpet/pages/docencia/opticamineral/paginas/bdimagesta.JPG | https://www.ugr.es/~minpet/pages/docencia/opticamineral/paginas/bdimagotra.JPG | https://www.ugr.es/~minpet/pages/docencia/opticamineral/paginas/bdtitand.JPG | https://www.ugr.es/~minpet/pages/docencia/opticamineral/paginas/bdimagnef.JPG,"Base de datos. Nefelina. NEFELINA (K,Na)AlSiO 4 Hábito: anhédrico, 
              prismático corto hexagonal, intersticial. Exfoliación: (10-10) 
              y (0001) pobres, poco visibles Maclas: muy 
              común, (110) polisintética y compleja Color/Pleocroismo: incoloro Relieve: bajo 
              - Ng: 1,529-1,546 Nm: Np: 1,526-1,542 Birrefringencia: 0,003-0,006 Color 
              de interferencia: 1 Ángulo 
              de extinción: 0 Signo 
              de elongación: negativo Tipo 
              óptico: uniáxico Signo 
              Óptico: negativo 2V: 0-6 
              anómalo Otros 
              datos: Alteración: 
              miner. arcilla, analcima, cancrinita, zeolitas. Distinción 
              nefelina-kalsilita mediante rayos X o tinción. KALIOFILITA (polimorfo hexagonal de Kalsilita) de similares propiedades. (Mg,Fe)2SiO4 (Mg,Fe)2SiO4 Nefelina Roca volcánica Olivino xenomorfo Roca plutónica Olivino idiomorfo Roca volcánica Apatito Calcita Dolomita Espinela Rutilo Yeso ........................................... Seleccione 
    un mineral de la lista que se muestra a continuación Seleccione un tectosilicato Cuarzo Hauyna Leucita Microclina Nefelina Ortoclasa Plagioclasa ............................................ Andalucita Augita Biotita Cianita Clorita Cloritoide Cordierita Cuarzo Diopsido Epidota Estaurolita Glaucofana Granate Hauyna Hornblenda Leucita Microclina Nefelina Olivino Ortoanfíbol Ortopiroxeno Ortoclasa Oxihornblenda Plagioclasa Rutilo Serpentina Sillimanita Talco Titanita Turmalina Zircón Seleccione 
    un mineral de la lista o elija un grupo de la izquierda"
Olivino,https://www.ugr.es/~minpet/pages/docencia/opticamineral/paginas/olivino.htm,https://www.ugr.es/~minpet/pages/docencia/opticamineral/paginas/bdsil.JPG | https://www.ugr.es/~minpet/pages/docencia/opticamineral/paginas/bdnesopb.JPG | https://www.ugr.es/~minpet/pages/docencia/opticamineral/paginas/bdcuadp.JPG | https://www.ugr.es/~minpet/pages/docencia/opticamineral/paginas/bdsorop.JPG | https://www.ugr.es/~minpet/pages/docencia/opticamineral/paginas/bdciclop.JPG | https://www.ugr.es/~minpet/pages/docencia/opticamineral/paginas/bdinop.JPG | https://www.ugr.es/~minpet/pages/docencia/opticamineral/paginas/bdfilop.JPG | https://www.ugr.es/~minpet/pages/docencia/opticamineral/paginas/bdtectop.JPG | https://www.ugr.es/~minpet/pages/docencia/opticamineral/paginas/bdol.gif | https://www.ugr.es/~minpet/pages/docencia/opticamineral/paginas/inicio.JPG | https://www.ugr.es/~minpet/pages/docencia/opticamineral/paginas/propiedades.JPG | https://www.ugr.es/~minpet/pages/docencia/opticamineral/paginas/tutorial.JPG | https://www.ugr.es/~minpet/pages/docencia/opticamineral/paginas/identifica.JPG | https://www.ugr.es/~minpet/pages/docencia/opticamineral/paginas/nuevo-4R1C1.JPG | https://www.ugr.es/~minpet/pages/docencia/opticamineral/paginas/bdimag.JPG | https://www.ugr.es/~minpet/pages/docencia/opticamineral/paginas/bdimagmin.JPG | https://www.ugr.es/~minpet/pages/docencia/opticamineral/paginas/bdimagfoto.JPG | https://www.ugr.es/~minpet/pages/docencia/opticamineral/paginas/bdimagcom.JPG | https://www.ugr.es/~minpet/pages/docencia/opticamineral/paginas/bdimanal.JPG | https://www.ugr.es/~minpet/pages/docencia/opticamineral/paginas/bdcampfu.JPG | https://www.ugr.es/~minpet/pages/docencia/opticamineral/paginas/bdanalfub.JPG | https://www.ugr.es/~minpet/pages/docencia/opticamineral/paginas/bdanden.JPG | https://www.ugr.es/~minpet/pages/docencia/opticamineral/paginas/bdesc.JPG | https://www.ugr.es/~minpet/pages/docencia/opticamineral/paginas/bdamp.JPG | https://www.ugr.es/~minpet/pages/docencia/opticamineral/paginas/bdimmas.JPG | https://www.ugr.es/~minpet/pages/docencia/opticamineral/paginas/bdcampden.JPG | https://www.ugr.es/~minpet/pages/docencia/opticamineral/paginas/bdtit.JPG | https://www.ugr.es/~minpet/pages/docencia/opticamineral/paginas/bdandenb.JPG | https://www.ugr.es/~minpet/pages/docencia/opticamineral/paginas/bdanalfu.JPG | https://www.ugr.es/~minpet/pages/docencia/opticamineral/paginas/bdimaol1x.JPG | https://www.ugr.es/~minpet/pages/docencia/opticamineral/paginas/bdsinesc.JPG | https://www.ugr.es/~minpet/pages/docencia/opticamineral/paginas/escol1.JPG | https://www.ugr.es/~minpet/pages/docencia/opticamineral/paginas/bdol2.JPG | https://www.ugr.es/~minpet/pages/docencia/opticamineral/paginas/bdol2x.JPG | https://www.ugr.es/~minpet/pages/docencia/opticamineral/paginas/escol1.JPG | https://www.ugr.es/~minpet/pages/docencia/opticamineral/paginas/bdanalfub.JPG | https://www.ugr.es/~minpet/pages/docencia/opticamineral/paginas/bdanalfu.JPG | https://www.ugr.es/~minpet/pages/docencia/opticamineral/paginas/bdanden.JPG | https://www.ugr.es/~minpet/pages/docencia/opticamineral/paginas/bdandenb.JPG | https://www.ugr.es/~minpet/pages/docencia/opticamineral/paginas/bdmas3.JPG | https://www.ugr.es/~minpet/pages/docencia/opticamineral/paginas/bdmas2.JPG | https://www.ugr.es/~minpet/pages/docencia/opticamineral/paginas/bdmas1.JPG | https://www.ugr.es/~minpet/pages/docencia/opticamineral/paginas/bdmas0.JPG | https://www.ugr.es/~minpet/pages/docencia/opticamineral/paginas/bdol3.JPG | https://www.ugr.es/~minpet/pages/docencia/opticamineral/paginas/bdol3x.JPG | https://www.ugr.es/~minpet/pages/docencia/opticamineral/paginas/escol1.JPG | https://www.ugr.es/~minpet/pages/docencia/opticamineral/paginas/bdanalfub.JPG | https://www.ugr.es/~minpet/pages/docencia/opticamineral/paginas/bdanalfu.JPG | https://www.ugr.es/~minpet/pages/docencia/opticamineral/paginas/bdanden.JPG | https://www.ugr.es/~minpet/pages/docencia/opticamineral/paginas/bdandenb.JPG | https://www.ugr.es/~minpet/pages/docencia/opticamineral/paginas/bdamp.JPG | https://www.ugr.es/~minpet/pages/docencia/opticamineral/paginas/bdamp.JPG | https://www.ugr.es/~minpet/pages/docencia/opticamineral/paginas/bdamp.JPG | https://www.ugr.es/~minpet/pages/docencia/opticamineral/paginas/bdamp.JPG | https://www.ugr.es/~minpet/pages/docencia/opticamineral/paginas/bdamp.JPG | https://www.ugr.es/~minpet/pages/docencia/opticamineral/paginas/bdrest.JPG | https://www.ugr.es/~minpet/pages/docencia/opticamineral/paginas/bdimagpb.JPG | https://www.ugr.es/~minpet/pages/docencia/opticamineral/paginas/bdimagesta.JPG | https://www.ugr.es/~minpet/pages/docencia/opticamineral/paginas/bdimagotra.JPG,"Base de datos. Olivino. OLIVINO (Mg,Fe) 2 SiO 4 Hábito: granular, 
              prismático (c); euhédrico en rocas volcánicas Exfoliación: (010) 
              y (100) pobres, poco visibles, mejor en Fayalita Maclas: poco 
              común: (011), (031) o (012) Color/Pleocroismo: incoloro 
              (Mg), amarillo pálido (Fe o Mn) Relieve: alto 
              + Ng: 1,670-1,879 Nm: 1,651-1,869 Np: 1,635-1,827 Birrefringencia: 0,035-0,052 Color 
              de interferencia: 2, 
              3 Ángulo 
              de extinción: 0 Signo 
              de elongación: Tipo 
              óptico: biáxico Signo 
              Óptico: positivo, 
              negativo 2V: 46-90 Otros 
              datos: 2V=82-90 
              (+) (Forsterita), 46-90 (-) (Fayalita). Alteración: 
              serpentina, clorita, óxidos Fe, iddingsita (goethita y filosilicatos; 
              N~1,75); coronas de piroxeno o anfibol. (Mg,Fe)2SiO4 (Mg,Fe)2SiO4 Olivino idiomorfo Roca volcánica Olivino xenomorfo Roca plutónica Olivino idiomorfo Roca volcánica Apatito Calcita Dolomita Espinela Rutilo Yeso ........................................... Seleccione 
    un mineral de la lista que se muestra a continuación Seleccione un nesosilicato Olivino Granate Andalucita Sillimanita Distena Cloritoide Estaurolita Titanita Zircón Seleccione 
    un mineral de la lista o elija un grupo de la izquierda ............................................ Andalucita Augita Biotita Cianita Clorita Cloritoide Cordierita Cuarzo Diopsido Epidota Estaurolita Glaucofana Granate Hauyna Hornblenda Leucita Microclina Nefelina Olivino Ortoanfíbol Ortopiroxeno Ortoclasa Oxihornblenda Plagioclasa Rutilo Serpentina Sillimanita Talco Titanita Turmalina Zircón"
Ortoanfíbol,https://www.ugr.es/~minpet/pages/docencia/opticamineral/paginas/oanf.htm,https://www.ugr.es/~minpet/pages/docencia/opticamineral/paginas/bdsil.JPG | https://www.ugr.es/~minpet/pages/docencia/opticamineral/paginas/bdnesop.JPG | https://www.ugr.es/~minpet/pages/docencia/opticamineral/paginas/bdcuadp.JPG | https://www.ugr.es/~minpet/pages/docencia/opticamineral/paginas/bdsorop.JPG | https://www.ugr.es/~minpet/pages/docencia/opticamineral/paginas/bdciclop.JPG | https://www.ugr.es/~minpet/pages/docencia/opticamineral/paginas/bdinopb.JPG | https://www.ugr.es/~minpet/pages/docencia/opticamineral/paginas/bdfilop.JPG | https://www.ugr.es/~minpet/pages/docencia/opticamineral/paginas/bdtectop.JPG | https://www.ugr.es/~minpet/pages/docencia/opticamineral/paginas/bdol.gif | https://www.ugr.es/~minpet/pages/docencia/opticamineral/paginas/inicio.JPG | https://www.ugr.es/~minpet/pages/docencia/opticamineral/paginas/propiedades.JPG | https://www.ugr.es/~minpet/pages/docencia/opticamineral/paginas/tutorial.JPG | https://www.ugr.es/~minpet/pages/docencia/opticamineral/paginas/identifica.JPG | https://www.ugr.es/~minpet/pages/docencia/opticamineral/paginas/nuevo-4R1C1.JPG | https://www.ugr.es/~minpet/pages/docencia/opticamineral/paginas/bdoanf.JPG | https://www.ugr.es/~minpet/pages/docencia/opticamineral/paginas/bdimagcom.JPG | https://www.ugr.es/~minpet/pages/docencia/opticamineral/paginas/bdimanal.JPG | https://www.ugr.es/~minpet/pages/docencia/opticamineral/paginas/bdcampfu.JPG | https://www.ugr.es/~minpet/pages/docencia/opticamineral/paginas/bdanalfub.JPG | https://www.ugr.es/~minpet/pages/docencia/opticamineral/paginas/bdanden.JPG | https://www.ugr.es/~minpet/pages/docencia/opticamineral/paginas/bdesc.JPG | https://www.ugr.es/~minpet/pages/docencia/opticamineral/paginas/bdamp.JPG | https://www.ugr.es/~minpet/pages/docencia/opticamineral/paginas/bdimmas.JPG | https://www.ugr.es/~minpet/pages/docencia/opticamineral/paginas/bdcampden.JPG | https://www.ugr.es/~minpet/pages/docencia/opticamineral/paginas/bdtit.JPG | https://www.ugr.es/~minpet/pages/docencia/opticamineral/paginas/bdandenb.JPG | https://www.ugr.es/~minpet/pages/docencia/opticamineral/paginas/bdanalfu.JPG | https://www.ugr.es/~minpet/pages/docencia/opticamineral/paginas/bdoanfx.JPG | https://www.ugr.es/~minpet/pages/docencia/opticamineral/paginas/bdsinesc.JPG | https://www.ugr.es/~minpet/pages/docencia/opticamineral/paginas/escol1.JPG | https://www.ugr.es/~minpet/pages/docencia/opticamineral/paginas/bdol2.JPG | https://www.ugr.es/~minpet/pages/docencia/opticamineral/paginas/bdol2x.JPG | https://www.ugr.es/~minpet/pages/docencia/opticamineral/paginas/escol1.JPG | https://www.ugr.es/~minpet/pages/docencia/opticamineral/paginas/bdanalfub.JPG | https://www.ugr.es/~minpet/pages/docencia/opticamineral/paginas/bdanalfu.JPG | https://www.ugr.es/~minpet/pages/docencia/opticamineral/paginas/bdanden.JPG | https://www.ugr.es/~minpet/pages/docencia/opticamineral/paginas/bdandenb.JPG | https://www.ugr.es/~minpet/pages/docencia/opticamineral/paginas/bdmas3.JPG | https://www.ugr.es/~minpet/pages/docencia/opticamineral/paginas/bdmas2.JPG | https://www.ugr.es/~minpet/pages/docencia/opticamineral/paginas/bdmas1.JPG | https://www.ugr.es/~minpet/pages/docencia/opticamineral/paginas/bdmas0.JPG | https://www.ugr.es/~minpet/pages/docencia/opticamineral/paginas/bdol3.JPG | https://www.ugr.es/~minpet/pages/docencia/opticamineral/paginas/bdol3x.JPG | https://www.ugr.es/~minpet/pages/docencia/opticamineral/paginas/escol1.JPG | https://www.ugr.es/~minpet/pages/docencia/opticamineral/paginas/bdanalfub.JPG | https://www.ugr.es/~minpet/pages/docencia/opticamineral/paginas/bdanalfu.JPG | https://www.ugr.es/~minpet/pages/docencia/opticamineral/paginas/bdanden.JPG | https://www.ugr.es/~minpet/pages/docencia/opticamineral/paginas/bdandenb.JPG | https://www.ugr.es/~minpet/pages/docencia/opticamineral/paginas/bdamp.JPG | https://www.ugr.es/~minpet/pages/docencia/opticamineral/paginas/bdamp.JPG | https://www.ugr.es/~minpet/pages/docencia/opticamineral/paginas/bdamp.JPG | https://www.ugr.es/~minpet/pages/docencia/opticamineral/paginas/bdamp.JPG | https://www.ugr.es/~minpet/pages/docencia/opticamineral/paginas/bdamp.JPG | https://www.ugr.es/~minpet/pages/docencia/opticamineral/paginas/bdrest.JPG | https://www.ugr.es/~minpet/pages/docencia/opticamineral/paginas/bdimagpb.JPG | https://www.ugr.es/~minpet/pages/docencia/opticamineral/paginas/bdimagesta.JPG | https://www.ugr.es/~minpet/pages/docencia/opticamineral/paginas/bdimagotra.JPG | https://www.ugr.es/~minpet/pages/docencia/opticamineral/paginas/bdtitand.JPG | https://www.ugr.es/~minpet/pages/docencia/opticamineral/paginas/bdimagoaf.JPG,"Base de datos. Ortoanfíbol. ORTOANFÍBOL (Mg,Fe) 7 Si 8 O 22 (OH) 2 -(Mg,Fe) 5 Al 2 (Si 6 Al 2 ) O 22 (OH) 2 Hábito: listón, 
              acicular o fibroso (c); secc. basal romboidal Exfoliación: (210) 
              perfecta 54°, (010) y (100) pobres Maclas: no Color/Pleocroismo: incoloro, 
              amarillo o marrón pálidos, verde pálido. Pleocr. 
              débil a moderado: Z>Y=X o Z>Y=X Relieve: + 
                medio/alto Ng: 1,613-1,722 Nm: 1,602-1,710 Np: 1,587-1,694 Birrefringencia: 0,013-0,029 Color 
              de interferencia: 1, 
              2 Ángulo 
              de extinción: 0 Signo 
              de elongación: positivo Tipo 
              óptico: biáxico Signo 
              Óptico: + 
              (Fe)/ -( Mg) 2V: 59-90 Otros 
              datos: Alteración: 
              talco, serpentina. Términos: ANTOFILITA - GEDRITA. HOLMQUISTITA: 
              pleocroismo de amarillento a violeta azulado; (-), 2V>49. (Mg,Fe)2SiO4 (Mg,Fe)2SiO4 Ortoanfíbol Roca metamórfica Olivino xenomorfo Roca plutónica Olivino idiomorfo Roca volcánica Apatito Calcita Dolomita Espinela Rutilo Yeso ........................................... Seleccione 
    un mineral de la lista que se muestra a continuación Seleccione un inosilicato --------------------------- Piroxenos --------------------------- Augita Diopsido Ortopiroxeno --------------------------- Anfíboles --------------------------- Glaucofana Hornblenda Ortoanfibol Oxihornblenda ............................................ Andalucita Augita Biotita Cianita Clorita Cloritoide Cordierita Cuarzo Diopsido Epidota Estaurolita Glaucofana Granate Hauyna Hornblenda Leucita Microclina Nefelina Olivino Ortoanfíbol Ortopiroxeno Ortoclasa Oxihornblenda Plagioclasa Rutilo Serpentina Sillimanita Talco Titanita Turmalina Zircón Seleccione 
    un mineral de la lista o elija un grupo de la izquierda"
Ortopiroxeno,https://www.ugr.es/~minpet/pages/docencia/opticamineral/paginas/opx.htm,https://www.ugr.es/~minpet/pages/docencia/opticamineral/paginas/bdsil.JPG | https://www.ugr.es/~minpet/pages/docencia/opticamineral/paginas/bdnesop.JPG | https://www.ugr.es/~minpet/pages/docencia/opticamineral/paginas/bdcuadp.JPG | https://www.ugr.es/~minpet/pages/docencia/opticamineral/paginas/bdsorop.JPG | https://www.ugr.es/~minpet/pages/docencia/opticamineral/paginas/bdciclop.JPG | https://www.ugr.es/~minpet/pages/docencia/opticamineral/paginas/bdinopb.JPG | https://www.ugr.es/~minpet/pages/docencia/opticamineral/paginas/bdfilop.JPG | https://www.ugr.es/~minpet/pages/docencia/opticamineral/paginas/bdtectop.JPG | https://www.ugr.es/~minpet/pages/docencia/opticamineral/paginas/bdol.gif | https://www.ugr.es/~minpet/pages/docencia/opticamineral/paginas/inicio.JPG | https://www.ugr.es/~minpet/pages/docencia/opticamineral/paginas/propiedades.JPG | https://www.ugr.es/~minpet/pages/docencia/opticamineral/paginas/tutorial.JPG | https://www.ugr.es/~minpet/pages/docencia/opticamineral/paginas/identifica.JPG | https://www.ugr.es/~minpet/pages/docencia/opticamineral/paginas/nuevo-4R1C1.JPG | https://www.ugr.es/~minpet/pages/docencia/opticamineral/paginas/bdopx.JPG | https://www.ugr.es/~minpet/pages/docencia/opticamineral/paginas/bdimagcom.JPG | https://www.ugr.es/~minpet/pages/docencia/opticamineral/paginas/bdimanal.JPG | https://www.ugr.es/~minpet/pages/docencia/opticamineral/paginas/bdcampfu.JPG | https://www.ugr.es/~minpet/pages/docencia/opticamineral/paginas/bdanalfub.JPG | https://www.ugr.es/~minpet/pages/docencia/opticamineral/paginas/bdanden.JPG | https://www.ugr.es/~minpet/pages/docencia/opticamineral/paginas/bdesc.JPG | https://www.ugr.es/~minpet/pages/docencia/opticamineral/paginas/bdamp.JPG | https://www.ugr.es/~minpet/pages/docencia/opticamineral/paginas/bdimmas.JPG | https://www.ugr.es/~minpet/pages/docencia/opticamineral/paginas/bdcampden.JPG | https://www.ugr.es/~minpet/pages/docencia/opticamineral/paginas/bdtit.JPG | https://www.ugr.es/~minpet/pages/docencia/opticamineral/paginas/bdandenb.JPG | https://www.ugr.es/~minpet/pages/docencia/opticamineral/paginas/bdanalfu.JPG | https://www.ugr.es/~minpet/pages/docencia/opticamineral/paginas/bdopxx.JPG | https://www.ugr.es/~minpet/pages/docencia/opticamineral/paginas/bdsinesc.JPG | https://www.ugr.es/~minpet/pages/docencia/opticamineral/paginas/escol1.JPG | https://www.ugr.es/~minpet/pages/docencia/opticamineral/paginas/bdol2.JPG | https://www.ugr.es/~minpet/pages/docencia/opticamineral/paginas/bdol2x.JPG | https://www.ugr.es/~minpet/pages/docencia/opticamineral/paginas/escol1.JPG | https://www.ugr.es/~minpet/pages/docencia/opticamineral/paginas/bdanalfub.JPG | https://www.ugr.es/~minpet/pages/docencia/opticamineral/paginas/bdanalfu.JPG | https://www.ugr.es/~minpet/pages/docencia/opticamineral/paginas/bdanden.JPG | https://www.ugr.es/~minpet/pages/docencia/opticamineral/paginas/bdandenb.JPG | https://www.ugr.es/~minpet/pages/docencia/opticamineral/paginas/bdmas3.JPG | https://www.ugr.es/~minpet/pages/docencia/opticamineral/paginas/bdmas2.JPG | https://www.ugr.es/~minpet/pages/docencia/opticamineral/paginas/bdmas1.JPG | https://www.ugr.es/~minpet/pages/docencia/opticamineral/paginas/bdmas0.JPG | https://www.ugr.es/~minpet/pages/docencia/opticamineral/paginas/bdol3.JPG | https://www.ugr.es/~minpet/pages/docencia/opticamineral/paginas/bdol3x.JPG | https://www.ugr.es/~minpet/pages/docencia/opticamineral/paginas/escol1.JPG | https://www.ugr.es/~minpet/pages/docencia/opticamineral/paginas/bdanalfub.JPG | https://www.ugr.es/~minpet/pages/docencia/opticamineral/paginas/bdanalfu.JPG | https://www.ugr.es/~minpet/pages/docencia/opticamineral/paginas/bdanden.JPG | https://www.ugr.es/~minpet/pages/docencia/opticamineral/paginas/bdandenb.JPG | https://www.ugr.es/~minpet/pages/docencia/opticamineral/paginas/bdamp.JPG | https://www.ugr.es/~minpet/pages/docencia/opticamineral/paginas/bdamp.JPG | https://www.ugr.es/~minpet/pages/docencia/opticamineral/paginas/bdamp.JPG | https://www.ugr.es/~minpet/pages/docencia/opticamineral/paginas/bdamp.JPG | https://www.ugr.es/~minpet/pages/docencia/opticamineral/paginas/bdamp.JPG | https://www.ugr.es/~minpet/pages/docencia/opticamineral/paginas/bdrest.JPG | https://www.ugr.es/~minpet/pages/docencia/opticamineral/paginas/bdimagpb.JPG | https://www.ugr.es/~minpet/pages/docencia/opticamineral/paginas/bdimagesta.JPG | https://www.ugr.es/~minpet/pages/docencia/opticamineral/paginas/bdimagotra.JPG | https://www.ugr.es/~minpet/pages/docencia/opticamineral/paginas/bdtitand.JPG | https://www.ugr.es/~minpet/pages/docencia/opticamineral/paginas/bdimagopx.JPG,"Base de datos. Ortopiroxeno. ENSTATITA- FERROSILITA Ortopiroxeno MgSiO 3 -FeSiO 3 Hábito: prismático 
              corto (c), granular, base cuadrada u octogonal Exfoliación: (210) 
              buena 88°; partición (100), (010) Maclas: común 
              (100) simple, lamelar Color/Pleocroismo: (Mg): 
              incoloro; (Fe): rosa pálido, verde pálido. Pleocr. 
              variable: X=rosa, Y=amarillento marrón, Z=verde Relieve: alto 
              + Ng: 1,658-1,788 Nm: 1,653-1,770 Np: 1,650-1,768 Birrefringencia: 0,007-0,020 Color 
              de interferencia: 1, 
              2 Ángulo 
              de extinción: 0 Signo 
              de elongación: positivo Tipo 
              óptico: biáxico Signo 
              Óptico: positivo, 
              negativo 2V: 53-90 Otros 
              datos: Láminas 
              de exsolución de Cpx común (100). Zonación 
              en rocas volcánicas. Alteración: serpentina, talco, clorita, anfíbol. (Mg,Fe)2SiO4 (Mg,Fe)2SiO4 Ortopiroxeno Roca metamórfica Olivino xenomorfo Roca plutónica Olivino idiomorfo Roca volcánica Apatito Calcita Dolomita Espinela Rutilo Yeso ........................................... Seleccione 
    un mineral de la lista que se muestra a continuación Seleccione un inosilicato --------------------------- Piroxenos --------------------------- Augita Diopsido Ortopiroxeno --------------------------- Anfíboles --------------------------- Glaucofana Hornblenda Ortoanfibol Oxihornblenda Seleccione 
    un mineral de la lista o elija un grupo de la izquierda ............................................ Andalucita Augita Biotita Cianita Clorita Cloritoide Cordierita Cuarzo Diopsido Epidota Estaurolita Glaucofana Granate Hauyna Hornblenda Leucita Microclina Nefelina Olivino Ortoanfíbol Ortopiroxeno Ortoclasa Oxihornblenda Plagioclasa Rutilo Serpentina Sillimanita Talco Titanita Turmalina Zircón"
Ortoclasa,https://www.ugr.es/~minpet/pages/docencia/opticamineral/paginas/ortocl.htm,https://www.ugr.es/~minpet/pages/docencia/opticamineral/paginas/bdsil.JPG | https://www.ugr.es/~minpet/pages/docencia/opticamineral/paginas/bdnesop.JPG | https://www.ugr.es/~minpet/pages/docencia/opticamineral/paginas/bdcuadp.JPG | https://www.ugr.es/~minpet/pages/docencia/opticamineral/paginas/bdsorop.JPG | https://www.ugr.es/~minpet/pages/docencia/opticamineral/paginas/bdciclop.JPG | https://www.ugr.es/~minpet/pages/docencia/opticamineral/paginas/bdinop.JPG | https://www.ugr.es/~minpet/pages/docencia/opticamineral/paginas/bdfilop.JPG | https://www.ugr.es/~minpet/pages/docencia/opticamineral/paginas/bdtectopb.JPG | https://www.ugr.es/~minpet/pages/docencia/opticamineral/paginas/bdol.gif | https://www.ugr.es/~minpet/pages/docencia/opticamineral/paginas/inicio.JPG | https://www.ugr.es/~minpet/pages/docencia/opticamineral/paginas/propiedades.JPG | https://www.ugr.es/~minpet/pages/docencia/opticamineral/paginas/tutorial.JPG | https://www.ugr.es/~minpet/pages/docencia/opticamineral/paginas/identifica.JPG | https://www.ugr.es/~minpet/pages/docencia/opticamineral/paginas/nuevo-4R1C1.JPG | https://www.ugr.es/~minpet/pages/docencia/opticamineral/paginas/bdotc.JPG | https://www.ugr.es/~minpet/pages/docencia/opticamineral/paginas/bdimagcom.JPG | https://www.ugr.es/~minpet/pages/docencia/opticamineral/paginas/bdimanal.JPG | https://www.ugr.es/~minpet/pages/docencia/opticamineral/paginas/bdcampfu.JPG | https://www.ugr.es/~minpet/pages/docencia/opticamineral/paginas/bdanalfub.JPG | https://www.ugr.es/~minpet/pages/docencia/opticamineral/paginas/bdanden.JPG | https://www.ugr.es/~minpet/pages/docencia/opticamineral/paginas/bdesc.JPG | https://www.ugr.es/~minpet/pages/docencia/opticamineral/paginas/bdamp.JPG | https://www.ugr.es/~minpet/pages/docencia/opticamineral/paginas/bdimmas.JPG | https://www.ugr.es/~minpet/pages/docencia/opticamineral/paginas/bdcampden.JPG | https://www.ugr.es/~minpet/pages/docencia/opticamineral/paginas/bdtit.JPG | https://www.ugr.es/~minpet/pages/docencia/opticamineral/paginas/bdandenb.JPG | https://www.ugr.es/~minpet/pages/docencia/opticamineral/paginas/bdanalfu.JPG | https://www.ugr.es/~minpet/pages/docencia/opticamineral/paginas/bdotcx.JPG | https://www.ugr.es/~minpet/pages/docencia/opticamineral/paginas/bdsinesc.JPG | https://www.ugr.es/~minpet/pages/docencia/opticamineral/paginas/escol1.JPG | https://www.ugr.es/~minpet/pages/docencia/opticamineral/paginas/bdol2.JPG | https://www.ugr.es/~minpet/pages/docencia/opticamineral/paginas/bdol2x.JPG | https://www.ugr.es/~minpet/pages/docencia/opticamineral/paginas/escol1.JPG | https://www.ugr.es/~minpet/pages/docencia/opticamineral/paginas/bdanalfub.JPG | https://www.ugr.es/~minpet/pages/docencia/opticamineral/paginas/bdanalfu.JPG | https://www.ugr.es/~minpet/pages/docencia/opticamineral/paginas/bdanden.JPG | https://www.ugr.es/~minpet/pages/docencia/opticamineral/paginas/bdandenb.JPG | https://www.ugr.es/~minpet/pages/docencia/opticamineral/paginas/bdmas3.JPG | https://www.ugr.es/~minpet/pages/docencia/opticamineral/paginas/bdmas2.JPG | https://www.ugr.es/~minpet/pages/docencia/opticamineral/paginas/bdmas1.JPG | https://www.ugr.es/~minpet/pages/docencia/opticamineral/paginas/bdmas0.JPG | https://www.ugr.es/~minpet/pages/docencia/opticamineral/paginas/bdol3.JPG | https://www.ugr.es/~minpet/pages/docencia/opticamineral/paginas/bdol3x.JPG | https://www.ugr.es/~minpet/pages/docencia/opticamineral/paginas/escol1.JPG | https://www.ugr.es/~minpet/pages/docencia/opticamineral/paginas/bdanalfub.JPG | https://www.ugr.es/~minpet/pages/docencia/opticamineral/paginas/bdanalfu.JPG | https://www.ugr.es/~minpet/pages/docencia/opticamineral/paginas/bdanden.JPG | https://www.ugr.es/~minpet/pages/docencia/opticamineral/paginas/bdandenb.JPG | https://www.ugr.es/~minpet/pages/docencia/opticamineral/paginas/bdamp.JPG | https://www.ugr.es/~minpet/pages/docencia/opticamineral/paginas/bdamp.JPG | https://www.ugr.es/~minpet/pages/docencia/opticamineral/paginas/bdamp.JPG | https://www.ugr.es/~minpet/pages/docencia/opticamineral/paginas/bdamp.JPG | https://www.ugr.es/~minpet/pages/docencia/opticamineral/paginas/bdamp.JPG | https://www.ugr.es/~minpet/pages/docencia/opticamineral/paginas/bdrest.JPG | https://www.ugr.es/~minpet/pages/docencia/opticamineral/paginas/bdimagpb.JPG | https://www.ugr.es/~minpet/pages/docencia/opticamineral/paginas/bdimagesta.JPG | https://www.ugr.es/~minpet/pages/docencia/opticamineral/paginas/bdimagotra.JPG | https://www.ugr.es/~minpet/pages/docencia/opticamineral/paginas/bdtitand.JPG | https://www.ugr.es/~minpet/pages/docencia/opticamineral/paginas/bdimagotc.JPG,"Base de datos. Ortoclasa. ORTOCLASA KAlSi 3 O 8 Hábito: gen. 
              anhédrico; cristales tabulares (010) y alargados (c,a) Exfoliación: (001) 
              perfecta, (010) buena, forman 90° Maclas: común 
              carlsbad (010) simple; también (021) y (001); nunca polisintética Color/Pleocroismo: incoloro 
              (aspecto turbio por alteración) Relieve: bajo 
              - Ng: 1,522-1,525 Nm: 1,522-1,524 Np: 1,518...1,520 Birrefringencia: 0,006 Color 
              de interferencia: 1 Ángulo 
              de extinción: 13 
              con 001 Signo 
              de elongación: Tipo 
              óptico: biáxico Signo 
              Óptico: negativo 2V: 35-50 
              aprox. Otros 
              datos: Extinción: 
              comúnm. II a (010) y máximo 13° según (001). Algunas veces pertítica, comúnm. criptopertítica. Alteración: caolinita, sericita. ADULARIA: variedad de ortoclasa, prismático (c), baja T. (Mg,Fe)2SiO4 (Mg,Fe)2SiO4 Ortoclasa Roca plutónica Olivino xenomorfo Roca plutónica Olivino idiomorfo Roca volcánica Apatito Calcita Dolomita Espinela Rutilo Yeso ........................................... Seleccione 
    un mineral de la lista que se muestra a continuación Seleccione un tectosilicato Cuarzo Hauyna Leucita Microclina Nefelina Ortoclasa Plagioclasa ............................................ Andalucita Augita Biotita Cianita Clorita Cloritoide Cordierita Cuarzo Diopsido Epidota Estaurolita Glaucofana Granate Hauyna Hornblenda Leucita Microclina Nefelina Olivino Ortoanfíbol Ortopiroxeno Ortoclasa Oxihornblenda Plagioclasa Rutilo Serpentina Sillimanita Talco Titanita Turmalina Zircón Seleccione 
    un mineral de la lista o elija un grupo de la izquierda"
Oxihornblenda,https://www.ugr.es/~minpet/pages/docencia/opticamineral/paginas/oxihorn.htm,https://www.ugr.es/~minpet/pages/docencia/opticamineral/paginas/bdsil.JPG | https://www.ugr.es/~minpet/pages/docencia/opticamineral/paginas/bdnesop.JPG | https://www.ugr.es/~minpet/pages/docencia/opticamineral/paginas/bdcuadp.JPG | https://www.ugr.es/~minpet/pages/docencia/opticamineral/paginas/bdsorop.JPG | https://www.ugr.es/~minpet/pages/docencia/opticamineral/paginas/bdciclop.JPG | https://www.ugr.es/~minpet/pages/docencia/opticamineral/paginas/bdinopb.JPG | https://www.ugr.es/~minpet/pages/docencia/opticamineral/paginas/bdfilop.JPG | https://www.ugr.es/~minpet/pages/docencia/opticamineral/paginas/bdtectop.JPG | https://www.ugr.es/~minpet/pages/docencia/opticamineral/paginas/bdol.gif | https://www.ugr.es/~minpet/pages/docencia/opticamineral/paginas/inicio.JPG | https://www.ugr.es/~minpet/pages/docencia/opticamineral/paginas/propiedades.JPG | https://www.ugr.es/~minpet/pages/docencia/opticamineral/paginas/tutorial.JPG | https://www.ugr.es/~minpet/pages/docencia/opticamineral/paginas/identifica.JPG | https://www.ugr.es/~minpet/pages/docencia/opticamineral/paginas/nuevo-4R1C1.JPG | https://www.ugr.es/~minpet/pages/docencia/opticamineral/paginas/bdohb.JPG | https://www.ugr.es/~minpet/pages/docencia/opticamineral/paginas/bdimagcom.JPG | https://www.ugr.es/~minpet/pages/docencia/opticamineral/paginas/bdimanal.JPG | https://www.ugr.es/~minpet/pages/docencia/opticamineral/paginas/bdcampfu.JPG | https://www.ugr.es/~minpet/pages/docencia/opticamineral/paginas/bdanalfub.JPG | https://www.ugr.es/~minpet/pages/docencia/opticamineral/paginas/bdanden.JPG | https://www.ugr.es/~minpet/pages/docencia/opticamineral/paginas/bdesc.JPG | https://www.ugr.es/~minpet/pages/docencia/opticamineral/paginas/bdamp.JPG | https://www.ugr.es/~minpet/pages/docencia/opticamineral/paginas/bdimmas.JPG | https://www.ugr.es/~minpet/pages/docencia/opticamineral/paginas/bdcampden.JPG | https://www.ugr.es/~minpet/pages/docencia/opticamineral/paginas/bdtit.JPG | https://www.ugr.es/~minpet/pages/docencia/opticamineral/paginas/bdandenb.JPG | https://www.ugr.es/~minpet/pages/docencia/opticamineral/paginas/bdanalfu.JPG | https://www.ugr.es/~minpet/pages/docencia/opticamineral/paginas/bdohbx.JPG | https://www.ugr.es/~minpet/pages/docencia/opticamineral/paginas/bdsinesc.JPG | https://www.ugr.es/~minpet/pages/docencia/opticamineral/paginas/escol1.JPG | https://www.ugr.es/~minpet/pages/docencia/opticamineral/paginas/bdol2.JPG | https://www.ugr.es/~minpet/pages/docencia/opticamineral/paginas/bdol2x.JPG | https://www.ugr.es/~minpet/pages/docencia/opticamineral/paginas/escol1.JPG | https://www.ugr.es/~minpet/pages/docencia/opticamineral/paginas/bdanalfub.JPG | https://www.ugr.es/~minpet/pages/docencia/opticamineral/paginas/bdanalfu.JPG | https://www.ugr.es/~minpet/pages/docencia/opticamineral/paginas/bdanden.JPG | https://www.ugr.es/~minpet/pages/docencia/opticamineral/paginas/bdandenb.JPG | https://www.ugr.es/~minpet/pages/docencia/opticamineral/paginas/bdmas3.JPG | https://www.ugr.es/~minpet/pages/docencia/opticamineral/paginas/bdmas2.JPG | https://www.ugr.es/~minpet/pages/docencia/opticamineral/paginas/bdmas1.JPG | https://www.ugr.es/~minpet/pages/docencia/opticamineral/paginas/bdmas0.JPG | https://www.ugr.es/~minpet/pages/docencia/opticamineral/paginas/bdol3.JPG | https://www.ugr.es/~minpet/pages/docencia/opticamineral/paginas/bdol3x.JPG | https://www.ugr.es/~minpet/pages/docencia/opticamineral/paginas/escol1.JPG | https://www.ugr.es/~minpet/pages/docencia/opticamineral/paginas/bdanalfub.JPG | https://www.ugr.es/~minpet/pages/docencia/opticamineral/paginas/bdanalfu.JPG | https://www.ugr.es/~minpet/pages/docencia/opticamineral/paginas/bdanden.JPG | https://www.ugr.es/~minpet/pages/docencia/opticamineral/paginas/bdandenb.JPG | https://www.ugr.es/~minpet/pages/docencia/opticamineral/paginas/bdamp.JPG | https://www.ugr.es/~minpet/pages/docencia/opticamineral/paginas/bdamp.JPG | https://www.ugr.es/~minpet/pages/docencia/opticamineral/paginas/bdamp.JPG | https://www.ugr.es/~minpet/pages/docencia/opticamineral/paginas/bdamp.JPG | https://www.ugr.es/~minpet/pages/docencia/opticamineral/paginas/bdamp.JPG | https://www.ugr.es/~minpet/pages/docencia/opticamineral/paginas/bdrest.JPG | https://www.ugr.es/~minpet/pages/docencia/opticamineral/paginas/bdimagpb.JPG | https://www.ugr.es/~minpet/pages/docencia/opticamineral/paginas/bdimagesta.JPG | https://www.ugr.es/~minpet/pages/docencia/opticamineral/paginas/bdimagotra.JPG | https://www.ugr.es/~minpet/pages/docencia/opticamineral/paginas/bdtitand.JPG | https://www.ugr.es/~minpet/pages/docencia/opticamineral/paginas/bdimagohb.JPG,"Base de datos. Oxihornblenda. OXIHORNBLENDA con 
        (OH+F+Cl)<2 Ca 2 Na(Mg,Fe,Al,Ti) 5 Al 2 Si 6 O 22 (O,OH) 2 Hábito: prismático 
              corto (c), secc. basal romboidal o hexagonal Exfoliación: (110) 
              perfecta 56°; partición (100) y (001) Maclas: común 
              (100) simple o lamelar Color/Pleocroismo: marrón, 
              marrón rojizo . Pleocr. fuerte: Z(marrón oscuro) >Y(marrón) 
              >X(amarillo) Relieve: alto 
                + Ng: 1,68-1,80 Nm: 1,67-1,77 Np: 1,65-1,70 Birrefringencia: 0,018-0,083 Color 
              de interferencia: 2, 
              3, 4 Ángulo 
              de extinción: 0-18 Signo 
              de elongación: positivo Tipo 
              óptico: biáxico Signo 
              Óptico: positivo 2V: 56-88 Otros 
              datos: Zonación 
              común. Alteración: biotita, clorita, óxidos, titanita; bordes 
              de reabsorción. Restringido a rocas volcánicas. No es nombre de especie; 
              no está aceptado, usar con precaución. (Mg,Fe)2SiO4 (Mg,Fe)2SiO4 Andalucita 
        rosada en el núcleo Roca metamórfica Olivino xenomorfo Roca plutónica Olivino idiomorfo Roca volcánica Apatito Calcita Dolomita Espinela Rutilo Yeso ........................................... Seleccione 
    un mineral de la lista que se muestra a continuación Seleccione un inosilicato --------------------------- Piroxenos --------------------------- Augita Diopsido Ortopiroxeno --------------------------- Anfíboles --------------------------- Glaucofana Hornblenda Ortoanfibol Oxihornblenda Seleccione 
    un mineral de la lista o elija un grupo de la izquierda Seleccione 
    un mineral de la lista o elija un grupo de la izquierda ............................................ Andalucita Augita Biotita Cianita Clorita Cloritoide Cordierita Cuarzo Diopsido Epidota Estaurolita Glaucofana Granate Hauyna Hornblenda Leucita Microclina Nefelina Olivino Ortoanfíbol Ortopiroxeno Ortoclasa Oxihornblenda Plagioclasa Rutilo Serpentina Sillimanita Talco Titanita Turmalina Zircón"
Plagioclasa,https://www.ugr.es/~minpet/pages/docencia/opticamineral/paginas/plag.htm,https://www.ugr.es/~minpet/pages/docencia/opticamineral/paginas/bdsil.JPG | https://www.ugr.es/~minpet/pages/docencia/opticamineral/paginas/bdnesop.JPG | https://www.ugr.es/~minpet/pages/docencia/opticamineral/paginas/bdcuadp.JPG | https://www.ugr.es/~minpet/pages/docencia/opticamineral/paginas/bdsorop.JPG | https://www.ugr.es/~minpet/pages/docencia/opticamineral/paginas/bdciclop.JPG | https://www.ugr.es/~minpet/pages/docencia/opticamineral/paginas/bdinop.JPG | https://www.ugr.es/~minpet/pages/docencia/opticamineral/paginas/bdfilop.JPG | https://www.ugr.es/~minpet/pages/docencia/opticamineral/paginas/bdtectopb.JPG | https://www.ugr.es/~minpet/pages/docencia/opticamineral/paginas/bdol.gif | https://www.ugr.es/~minpet/pages/docencia/opticamineral/paginas/inicio.JPG | https://www.ugr.es/~minpet/pages/docencia/opticamineral/paginas/propiedades.JPG | https://www.ugr.es/~minpet/pages/docencia/opticamineral/paginas/tutorial.JPG | https://www.ugr.es/~minpet/pages/docencia/opticamineral/paginas/identifica.JPG | https://www.ugr.es/~minpet/pages/docencia/opticamineral/paginas/nuevo-4R1C1.JPG | https://www.ugr.es/~minpet/pages/docencia/opticamineral/paginas/bdpg3.JPG | https://www.ugr.es/~minpet/pages/docencia/opticamineral/paginas/bdimagcom.JPG | https://www.ugr.es/~minpet/pages/docencia/opticamineral/paginas/bdimanal.JPG | https://www.ugr.es/~minpet/pages/docencia/opticamineral/paginas/bdcampfu.JPG | https://www.ugr.es/~minpet/pages/docencia/opticamineral/paginas/bdanalfub.JPG | https://www.ugr.es/~minpet/pages/docencia/opticamineral/paginas/bdanden.JPG | https://www.ugr.es/~minpet/pages/docencia/opticamineral/paginas/bdesc.JPG | https://www.ugr.es/~minpet/pages/docencia/opticamineral/paginas/bdamp.JPG | https://www.ugr.es/~minpet/pages/docencia/opticamineral/paginas/bdimmas.JPG | https://www.ugr.es/~minpet/pages/docencia/opticamineral/paginas/bdcampden.JPG | https://www.ugr.es/~minpet/pages/docencia/opticamineral/paginas/bdtit.JPG | https://www.ugr.es/~minpet/pages/docencia/opticamineral/paginas/bdandenb.JPG | https://www.ugr.es/~minpet/pages/docencia/opticamineral/paginas/bdanalfu.JPG | https://www.ugr.es/~minpet/pages/docencia/opticamineral/paginas/bdpg3x.JPG | https://www.ugr.es/~minpet/pages/docencia/opticamineral/paginas/bdsinesc.JPG | https://www.ugr.es/~minpet/pages/docencia/opticamineral/paginas/escol1.JPG | https://www.ugr.es/~minpet/pages/docencia/opticamineral/paginas/bdgran3.JPG | https://www.ugr.es/~minpet/pages/docencia/opticamineral/paginas/bdgran3x.JPG | https://www.ugr.es/~minpet/pages/docencia/opticamineral/paginas/escol1.JPG | https://www.ugr.es/~minpet/pages/docencia/opticamineral/paginas/bdanalfub.JPG | https://www.ugr.es/~minpet/pages/docencia/opticamineral/paginas/bdanalfu.JPG | https://www.ugr.es/~minpet/pages/docencia/opticamineral/paginas/bdanden.JPG | https://www.ugr.es/~minpet/pages/docencia/opticamineral/paginas/bdandenb.JPG | https://www.ugr.es/~minpet/pages/docencia/opticamineral/paginas/bdmasil3.JPG | https://www.ugr.es/~minpet/pages/docencia/opticamineral/paginas/bdmaspg2.jpg | https://www.ugr.es/~minpet/pages/docencia/opticamineral/paginas/bdmaspg1.JPG | https://www.ugr.es/~minpet/pages/docencia/opticamineral/paginas/bdmas0.JPG | https://www.ugr.es/~minpet/pages/docencia/opticamineral/paginas/bdpg4.JPG | https://www.ugr.es/~minpet/pages/docencia/opticamineral/paginas/bdpg4x.JPG | https://www.ugr.es/~minpet/pages/docencia/opticamineral/paginas/escol1.JPG | https://www.ugr.es/~minpet/pages/docencia/opticamineral/paginas/bdanalfub.JPG | https://www.ugr.es/~minpet/pages/docencia/opticamineral/paginas/bdanalfu.JPG | https://www.ugr.es/~minpet/pages/docencia/opticamineral/paginas/bdanden.JPG | https://www.ugr.es/~minpet/pages/docencia/opticamineral/paginas/bdandenb.JPG | https://www.ugr.es/~minpet/pages/docencia/opticamineral/paginas/bdamp.JPG | https://www.ugr.es/~minpet/pages/docencia/opticamineral/paginas/bdamp.JPG | https://www.ugr.es/~minpet/pages/docencia/opticamineral/paginas/bdamp.JPG | https://www.ugr.es/~minpet/pages/docencia/opticamineral/paginas/bdamp.JPG | https://www.ugr.es/~minpet/pages/docencia/opticamineral/paginas/bdamp.JPG | https://www.ugr.es/~minpet/pages/docencia/opticamineral/paginas/bdrest.JPG | https://www.ugr.es/~minpet/pages/docencia/opticamineral/paginas/bdimagpb.JPG | https://www.ugr.es/~minpet/pages/docencia/opticamineral/paginas/bdimagesta.JPG | https://www.ugr.es/~minpet/pages/docencia/opticamineral/paginas/bdimagotra.JPG | https://www.ugr.es/~minpet/pages/docencia/opticamineral/paginas/bdesc.JPG | https://www.ugr.es/~minpet/pages/docencia/opticamineral/paginas/bdsinesc.JPG | https://www.ugr.es/~minpet/pages/docencia/opticamineral/paginas/bdtitand.JPG | https://www.ugr.es/~minpet/pages/docencia/opticamineral/paginas/bdimagpg3.JPG,"Base de datos. Plagioclasa. (Mg,Fe)2SiO4 (Mg,Fe)2SiO4 Seleccione un tectosilicato Cuarzo Hauyna Leucita Microclina Nefelina Ortoclasa Plagioclasa Plagioclasa 
        zonada Roca volcánica Granate 
        rosado Roca metamórfica Plagioclasa Roca plutónica Apatito Calcita Dolomita Espinela Rutilo Yeso ........................................... Seleccione 
    un mineral de la lista que se muestra a continuación PLAGIOCLASA Albita-Anortita NaAlSi 3 O 8 CaAl 2 Si 2 O 8 Hábito: tabular 
              (010), prismático (a,c), anhédrico Exfoliación: (001) 
              perfecta, (010) buena, forman 94°, (110) pobre Maclas: polisintética 
              albita (010) y periclina (h0l), carlsbad (010) simple Color/Pleocroismo: incoloro 
              (aspecto turbio por alteración) Relieve: bajo 
              -/+ Ng: 1,534-1,588 Nm: 1,532-1,583 Np: 1,527-1,575 Birrefringencia: 0,007-0,013 Color 
              de interferencia: 1 Ángulo 
              de extinción: 0-45 Signo 
              de elongación: Tipo 
              óptico: biáxico Signo 
              Óptico: +/- 2V: 50-90 Otros 
                    datos: Zonación 
                    común. Maclado puede faltar en rocas metamórficas. 
                    2V: series de baja T=75-90; series de alta T=50-90. Alteración: 
                    depende de la composición; montmorillonita, sericita, 
                    escapolita, prehnita, zeolitas, calcita, etc. ............................................ Andalucita Augita Biotita Cianita Clorita Cloritoide Cordierita Cuarzo Diopsido Epidota Estaurolita Glaucofana Granate Hauyna Hornblenda Leucita Microclina Nefelina Olivino Ortoanfíbol Ortopiroxeno Ortoclasa Oxihornblenda Plagioclasa Rutilo Serpentina Sillimanita Talco Titanita Turmalina Zircón Seleccione 
    un mineral de la lista o elija un grupo de la izquierda"
Rutilo,https://www.ugr.es/~minpet/pages/docencia/opticamineral/paginas/rutilo.htm,https://www.ugr.es/~minpet/pages/docencia/opticamineral/paginas/bdsil.JPG | https://www.ugr.es/~minpet/pages/docencia/opticamineral/paginas/bdnesop.JPG | https://www.ugr.es/~minpet/pages/docencia/opticamineral/paginas/bdcuadp.JPG | https://www.ugr.es/~minpet/pages/docencia/opticamineral/paginas/bdsorop.JPG | https://www.ugr.es/~minpet/pages/docencia/opticamineral/paginas/bdciclop.JPG | https://www.ugr.es/~minpet/pages/docencia/opticamineral/paginas/bdinop.JPG | https://www.ugr.es/~minpet/pages/docencia/opticamineral/paginas/bdfilop.JPG | https://www.ugr.es/~minpet/pages/docencia/opticamineral/paginas/bdtectop.JPG | https://www.ugr.es/~minpet/pages/docencia/opticamineral/paginas/bdol.gif | https://www.ugr.es/~minpet/pages/docencia/opticamineral/paginas/inicio.JPG | https://www.ugr.es/~minpet/pages/docencia/opticamineral/paginas/propiedades.JPG | https://www.ugr.es/~minpet/pages/docencia/opticamineral/paginas/tutorial.JPG | https://www.ugr.es/~minpet/pages/docencia/opticamineral/paginas/identifica.JPG | https://www.ugr.es/~minpet/pages/docencia/opticamineral/paginas/nuevo-4R1C1.JPG | https://www.ugr.es/~minpet/pages/docencia/opticamineral/paginas/bdrut.JPG | https://www.ugr.es/~minpet/pages/docencia/opticamineral/paginas/bdimagcom.JPG | https://www.ugr.es/~minpet/pages/docencia/opticamineral/paginas/bdimanal.JPG | https://www.ugr.es/~minpet/pages/docencia/opticamineral/paginas/bdcampfu.JPG | https://www.ugr.es/~minpet/pages/docencia/opticamineral/paginas/bdanalfub.JPG | https://www.ugr.es/~minpet/pages/docencia/opticamineral/paginas/bdanden.JPG | https://www.ugr.es/~minpet/pages/docencia/opticamineral/paginas/bdesc.JPG | https://www.ugr.es/~minpet/pages/docencia/opticamineral/paginas/bdamp.JPG | https://www.ugr.es/~minpet/pages/docencia/opticamineral/paginas/bdimmas.JPG | https://www.ugr.es/~minpet/pages/docencia/opticamineral/paginas/bdcampden.JPG | https://www.ugr.es/~minpet/pages/docencia/opticamineral/paginas/bdtit.JPG | https://www.ugr.es/~minpet/pages/docencia/opticamineral/paginas/bdandenb.JPG | https://www.ugr.es/~minpet/pages/docencia/opticamineral/paginas/bdanalfu.JPG | https://www.ugr.es/~minpet/pages/docencia/opticamineral/paginas/bdrutx.JPG | https://www.ugr.es/~minpet/pages/docencia/opticamineral/paginas/bdsinesc.JPG | https://www.ugr.es/~minpet/pages/docencia/opticamineral/paginas/escsil2.JPG | https://www.ugr.es/~minpet/pages/docencia/opticamineral/paginas/bdol2.JPG | https://www.ugr.es/~minpet/pages/docencia/opticamineral/paginas/bdol2x.JPG | https://www.ugr.es/~minpet/pages/docencia/opticamineral/paginas/escol1.JPG | https://www.ugr.es/~minpet/pages/docencia/opticamineral/paginas/bdanalfub.JPG | https://www.ugr.es/~minpet/pages/docencia/opticamineral/paginas/bdanalfu.JPG | https://www.ugr.es/~minpet/pages/docencia/opticamineral/paginas/bdanden.JPG | https://www.ugr.es/~minpet/pages/docencia/opticamineral/paginas/bdandenb.JPG | https://www.ugr.es/~minpet/pages/docencia/opticamineral/paginas/bdmas3.JPG | https://www.ugr.es/~minpet/pages/docencia/opticamineral/paginas/bdmas2.JPG | https://www.ugr.es/~minpet/pages/docencia/opticamineral/paginas/bdmas1.JPG | https://www.ugr.es/~minpet/pages/docencia/opticamineral/paginas/bdmas0.JPG | https://www.ugr.es/~minpet/pages/docencia/opticamineral/paginas/bdol3.JPG | https://www.ugr.es/~minpet/pages/docencia/opticamineral/paginas/bdol3x.JPG | https://www.ugr.es/~minpet/pages/docencia/opticamineral/paginas/escol1.JPG | https://www.ugr.es/~minpet/pages/docencia/opticamineral/paginas/bdanalfub.JPG | https://www.ugr.es/~minpet/pages/docencia/opticamineral/paginas/bdanalfu.JPG | https://www.ugr.es/~minpet/pages/docencia/opticamineral/paginas/bdanden.JPG | https://www.ugr.es/~minpet/pages/docencia/opticamineral/paginas/bdandenb.JPG | https://www.ugr.es/~minpet/pages/docencia/opticamineral/paginas/bdamp.JPG | https://www.ugr.es/~minpet/pages/docencia/opticamineral/paginas/bdamp.JPG | https://www.ugr.es/~minpet/pages/docencia/opticamineral/paginas/bdamp.JPG | https://www.ugr.es/~minpet/pages/docencia/opticamineral/paginas/bdamp.JPG | https://www.ugr.es/~minpet/pages/docencia/opticamineral/paginas/bdamp.JPG | https://www.ugr.es/~minpet/pages/docencia/opticamineral/paginas/bdrest.JPG | https://www.ugr.es/~minpet/pages/docencia/opticamineral/paginas/bdimagpb.JPG | https://www.ugr.es/~minpet/pages/docencia/opticamineral/paginas/bdimagesta.JPG | https://www.ugr.es/~minpet/pages/docencia/opticamineral/paginas/bdimagotra.JPG | https://www.ugr.es/~minpet/pages/docencia/opticamineral/paginas/bdtitand.JPG | https://www.ugr.es/~minpet/pages/docencia/opticamineral/paginas/bdimagrut.JPG,"Base de datos. Rutilo. RUTILO TiO 2 Hábito: prismático 
              (100) y (110), (acicular, granular) Exfoliación: (110) 
              buena, (100) moderada; partición (011) y (092) Maclas: (011) 
              común, simple o cíclica; otras menos comunes Color/Pleocroismo: marrón 
              amarillento, marrón rojizo. Pleocroismo generalm. débil 
              E>O Relieve: extremo 
              + Ng: 2,899-2,901 Nm: Np: 2,605-2,613 Birrefringencia: 0,286-0,294 Color 
              de interferencia: alto 
              orden Ángulo 
              de extinción: 0 Signo 
              de elongación: positivo Tipo 
              óptico: uniáxico Signo 
              Óptico: positivo 2V: 0-10 
              anóm.. Otros 
              datos: Puede 
              ser anómalo biáxico con 2V pequeño (hasta 10°). 
              Fuerte dispersión de la birrefringencia. Puede mostrar zonación Seleccione 
      un silicato de esta lista o elija 
      uno de los grupos que aparecen en el margen izquierdo (Mg,Fe)2SiO4 (Mg,Fe)2SiO4 Augita Andalucita Biotita Cianita Clorita Cloritoide Cordierita Cuarzo Diopsido Epidota Estaurolita Glaucofana Granate Hauyna Hornblenda Leucita Microclina Nefelina Olivino Ortoanfíbol Ortopiroxeno Ortoclasa Oxihornblenda Plagioclasa Rutilo Serpentina Sillimanita Talco Titanita Turmalina Zircón ............................................ Rutilo Roca metamórfica Olivino xenomorfo Roca plutónica Olivino idiomorfo Roca volcánica Apatito Calcita Dolomita Espinela Rutilo Yeso ........................................... Seleccione 
    un mineral de la lista que se muestra a continuación"
Serpentina,https://www.ugr.es/~minpet/pages/docencia/opticamineral/paginas/serpent.htm,https://www.ugr.es/~minpet/pages/docencia/opticamineral/paginas/bdsil.JPG | https://www.ugr.es/~minpet/pages/docencia/opticamineral/paginas/bdnesop.JPG | https://www.ugr.es/~minpet/pages/docencia/opticamineral/paginas/bdcuadp.JPG | https://www.ugr.es/~minpet/pages/docencia/opticamineral/paginas/bdsorop.JPG | https://www.ugr.es/~minpet/pages/docencia/opticamineral/paginas/bdciclop.JPG | https://www.ugr.es/~minpet/pages/docencia/opticamineral/paginas/bdinop.JPG | https://www.ugr.es/~minpet/pages/docencia/opticamineral/paginas/bdfilopb.JPG | https://www.ugr.es/~minpet/pages/docencia/opticamineral/paginas/bdtectop.JPG | https://www.ugr.es/~minpet/pages/docencia/opticamineral/paginas/bdol.gif | https://www.ugr.es/~minpet/pages/docencia/opticamineral/paginas/inicio.JPG | https://www.ugr.es/~minpet/pages/docencia/opticamineral/paginas/propiedades.JPG | https://www.ugr.es/~minpet/pages/docencia/opticamineral/paginas/tutorial.JPG | https://www.ugr.es/~minpet/pages/docencia/opticamineral/paginas/identifica.JPG | https://www.ugr.es/~minpet/pages/docencia/opticamineral/paginas/nuevo-4R1C1.JPG | https://www.ugr.es/~minpet/pages/docencia/opticamineral/paginas/bdserp1.JPG | https://www.ugr.es/~minpet/pages/docencia/opticamineral/paginas/bdimagcom.JPG | https://www.ugr.es/~minpet/pages/docencia/opticamineral/paginas/bdimanal.JPG | https://www.ugr.es/~minpet/pages/docencia/opticamineral/paginas/bdcampfu.JPG | https://www.ugr.es/~minpet/pages/docencia/opticamineral/paginas/bdanalfub.JPG | https://www.ugr.es/~minpet/pages/docencia/opticamineral/paginas/bdanden.JPG | https://www.ugr.es/~minpet/pages/docencia/opticamineral/paginas/bdesc.JPG | https://www.ugr.es/~minpet/pages/docencia/opticamineral/paginas/bdamp.JPG | https://www.ugr.es/~minpet/pages/docencia/opticamineral/paginas/bdimmas.JPG | https://www.ugr.es/~minpet/pages/docencia/opticamineral/paginas/bdcampden.JPG | https://www.ugr.es/~minpet/pages/docencia/opticamineral/paginas/bdtit.JPG | https://www.ugr.es/~minpet/pages/docencia/opticamineral/paginas/bdandenb.JPG | https://www.ugr.es/~minpet/pages/docencia/opticamineral/paginas/bdanalfu.JPG | https://www.ugr.es/~minpet/pages/docencia/opticamineral/paginas/bdserp1x.JPG | https://www.ugr.es/~minpet/pages/docencia/opticamineral/paginas/bdsinesc.JPG | https://www.ugr.es/~minpet/pages/docencia/opticamineral/paginas/escol1.JPG | https://www.ugr.es/~minpet/pages/docencia/opticamineral/paginas/bdgran3.JPG | https://www.ugr.es/~minpet/pages/docencia/opticamineral/paginas/bdgran3x.JPG | https://www.ugr.es/~minpet/pages/docencia/opticamineral/paginas/escol1.JPG | https://www.ugr.es/~minpet/pages/docencia/opticamineral/paginas/bdanalfub.JPG | https://www.ugr.es/~minpet/pages/docencia/opticamineral/paginas/bdanalfu.JPG | https://www.ugr.es/~minpet/pages/docencia/opticamineral/paginas/bdanden.JPG | https://www.ugr.es/~minpet/pages/docencia/opticamineral/paginas/bdandenb.JPG | https://www.ugr.es/~minpet/pages/docencia/opticamineral/paginas/bdmasil3.JPG | https://www.ugr.es/~minpet/pages/docencia/opticamineral/paginas/bdmaser2.jpg | https://www.ugr.es/~minpet/pages/docencia/opticamineral/paginas/bdmaser1.JPG | https://www.ugr.es/~minpet/pages/docencia/opticamineral/paginas/bdmas0.JPG | https://www.ugr.es/~minpet/pages/docencia/opticamineral/paginas/bdserp2.JPG | https://www.ugr.es/~minpet/pages/docencia/opticamineral/paginas/bdserp2x.JPG | https://www.ugr.es/~minpet/pages/docencia/opticamineral/paginas/escsil2.JPG | https://www.ugr.es/~minpet/pages/docencia/opticamineral/paginas/bdanalfub.JPG | https://www.ugr.es/~minpet/pages/docencia/opticamineral/paginas/bdanalfu.JPG | https://www.ugr.es/~minpet/pages/docencia/opticamineral/paginas/bdanden.JPG | https://www.ugr.es/~minpet/pages/docencia/opticamineral/paginas/bdandenb.JPG | https://www.ugr.es/~minpet/pages/docencia/opticamineral/paginas/bdamp.JPG | https://www.ugr.es/~minpet/pages/docencia/opticamineral/paginas/bdamp.JPG | https://www.ugr.es/~minpet/pages/docencia/opticamineral/paginas/bdamp.JPG | https://www.ugr.es/~minpet/pages/docencia/opticamineral/paginas/bdamp.JPG | https://www.ugr.es/~minpet/pages/docencia/opticamineral/paginas/bdamp.JPG | https://www.ugr.es/~minpet/pages/docencia/opticamineral/paginas/bdrest.JPG | https://www.ugr.es/~minpet/pages/docencia/opticamineral/paginas/bdimagpb.JPG | https://www.ugr.es/~minpet/pages/docencia/opticamineral/paginas/bdimagesta.JPG | https://www.ugr.es/~minpet/pages/docencia/opticamineral/paginas/bdimagotra.JPG | https://www.ugr.es/~minpet/pages/docencia/opticamineral/paginas/bdesc.JPG | https://www.ugr.es/~minpet/pages/docencia/opticamineral/paginas/bdsinesc.JPG | https://www.ugr.es/~minpet/pages/docencia/opticamineral/paginas/bdtitand.JPG | https://www.ugr.es/~minpet/pages/docencia/opticamineral/paginas/bdimagaser.JPG,"Base de datos. Serpentina. (Mg,Fe)2SiO4 (Mg,Fe)2SiO4 Seleccione un filosilicato Biotita Clorita Moscovita Serpentina Talco Serpentina Roca metamórfica Granate 
        rosado Roca metamórfica Serpentina Roca metamórfica Apatito Calcita Dolomita Espinela Rutilo Yeso ........................................... Seleccione 
    un mineral de la lista que se muestra a continuación SERPENTINA Mg 3 Si 2 O 5 (OH) 4 Crisotilo-Antigorita-Lizardita Hábito: finas 
              placas o laminar (Liz., Antig.); fibroso (Cris., Antig.) Exfoliación: (001) 
              perfecta Maclas: rara 
              en antigorita Color/Pleocroismo: incoloro 
              a verde pálido. Pleocrismo débil Z>Y=X Relieve: bajo 
              + Ng: 1,545-1,574 Nm: 1,530-1,573 Np: 1,532-1,567 Birrefringencia: 0,004-0,017 Color 
              de interferencia: 1 Ángulo 
              de extinción: 0 Signo 
              de elongación: positivo 
              (negativo) Tipo 
              óptico: biáxico Signo 
              Óptico: negativo 2V: 37-61 Otros 
                    datos: Birrefringencia: 
                    Liz=0,006-0,008; Antig=0,004-0,007; Cris=0,013-0,017. Pueden 
                    estar conjuntamente los polimorfos. Extinción moteada. 
                    Distinción entre polimorfos mediante difracción 
                    de rayos X. ............................................ Andalucita Augita Biotita Cianita Clorita Cloritoide Cordierita Cuarzo Diopsido Epidota Estaurolita Glaucofana Granate Hauyna Hornblenda Leucita Microclina Nefelina Olivino Ortoanfíbol Ortopiroxeno Ortoclasa Oxihornblenda Plagioclasa Serpentina Sillimanita Talco Titanita Turmalina Zircón Seleccione 
    un mineral de la lista o elija un grupo de la izquierda"
Sillimanita,https://www.ugr.es/~minpet/pages/docencia/opticamineral/paginas/sillima.htm,https://www.ugr.es/~minpet/pages/docencia/opticamineral/paginas/bdsil.JPG | https://www.ugr.es/~minpet/pages/docencia/opticamineral/paginas/bdnesopb.JPG | https://www.ugr.es/~minpet/pages/docencia/opticamineral/paginas/bdcuadp.JPG | https://www.ugr.es/~minpet/pages/docencia/opticamineral/paginas/bdsorop.JPG | https://www.ugr.es/~minpet/pages/docencia/opticamineral/paginas/bdciclop.JPG | https://www.ugr.es/~minpet/pages/docencia/opticamineral/paginas/bdinop.JPG | https://www.ugr.es/~minpet/pages/docencia/opticamineral/paginas/bdfilop.JPG | https://www.ugr.es/~minpet/pages/docencia/opticamineral/paginas/bdtectop.JPG | https://www.ugr.es/~minpet/pages/docencia/opticamineral/paginas/bdol.gif | https://www.ugr.es/~minpet/pages/docencia/opticamineral/paginas/inicio.JPG | https://www.ugr.es/~minpet/pages/docencia/opticamineral/paginas/propiedades.JPG | https://www.ugr.es/~minpet/pages/docencia/opticamineral/paginas/tutorial.JPG | https://www.ugr.es/~minpet/pages/docencia/opticamineral/paginas/identifica.JPG | https://www.ugr.es/~minpet/pages/docencia/opticamineral/paginas/nuevo-4R1C1.JPG | https://www.ugr.es/~minpet/pages/docencia/opticamineral/paginas/bdsil1.JPG | https://www.ugr.es/~minpet/pages/docencia/opticamineral/paginas/bdimagcom.JPG | https://www.ugr.es/~minpet/pages/docencia/opticamineral/paginas/bdimanal.JPG | https://www.ugr.es/~minpet/pages/docencia/opticamineral/paginas/bdcampfu.JPG | https://www.ugr.es/~minpet/pages/docencia/opticamineral/paginas/bdanalfub.JPG | https://www.ugr.es/~minpet/pages/docencia/opticamineral/paginas/bdanden.JPG | https://www.ugr.es/~minpet/pages/docencia/opticamineral/paginas/bdesc.JPG | https://www.ugr.es/~minpet/pages/docencia/opticamineral/paginas/bdamp.JPG | https://www.ugr.es/~minpet/pages/docencia/opticamineral/paginas/bdimmas.JPG | https://www.ugr.es/~minpet/pages/docencia/opticamineral/paginas/bdcampden.JPG | https://www.ugr.es/~minpet/pages/docencia/opticamineral/paginas/bdtit.JPG | https://www.ugr.es/~minpet/pages/docencia/opticamineral/paginas/bdandenb.JPG | https://www.ugr.es/~minpet/pages/docencia/opticamineral/paginas/bdanalfu.JPG | https://www.ugr.es/~minpet/pages/docencia/opticamineral/paginas/bdsil1x.JPG | https://www.ugr.es/~minpet/pages/docencia/opticamineral/paginas/bdsinesc.JPG | https://www.ugr.es/~minpet/pages/docencia/opticamineral/paginas/escsil1.JPG | https://www.ugr.es/~minpet/pages/docencia/opticamineral/paginas/bdgran3.JPG | https://www.ugr.es/~minpet/pages/docencia/opticamineral/paginas/bdgran3x.JPG | https://www.ugr.es/~minpet/pages/docencia/opticamineral/paginas/escol1.JPG | https://www.ugr.es/~minpet/pages/docencia/opticamineral/paginas/bdanalfub.JPG | https://www.ugr.es/~minpet/pages/docencia/opticamineral/paginas/bdanalfu.JPG | https://www.ugr.es/~minpet/pages/docencia/opticamineral/paginas/bdanden.JPG | https://www.ugr.es/~minpet/pages/docencia/opticamineral/paginas/bdandenb.JPG | https://www.ugr.es/~minpet/pages/docencia/opticamineral/paginas/bdmasil3.JPG | https://www.ugr.es/~minpet/pages/docencia/opticamineral/paginas/bdmasil2.JPG | https://www.ugr.es/~minpet/pages/docencia/opticamineral/paginas/bdmasil1.JPG | https://www.ugr.es/~minpet/pages/docencia/opticamineral/paginas/bdmas0.JPG | https://www.ugr.es/~minpet/pages/docencia/opticamineral/paginas/bdsil2.JPG | https://www.ugr.es/~minpet/pages/docencia/opticamineral/paginas/bdsil2x.JPG | https://www.ugr.es/~minpet/pages/docencia/opticamineral/paginas/escsil2.JPG | https://www.ugr.es/~minpet/pages/docencia/opticamineral/paginas/bdanalfub.JPG | https://www.ugr.es/~minpet/pages/docencia/opticamineral/paginas/bdanalfu.JPG | https://www.ugr.es/~minpet/pages/docencia/opticamineral/paginas/bdanden.JPG | https://www.ugr.es/~minpet/pages/docencia/opticamineral/paginas/bdandenb.JPG | https://www.ugr.es/~minpet/pages/docencia/opticamineral/paginas/bdamp.JPG | https://www.ugr.es/~minpet/pages/docencia/opticamineral/paginas/bdamp.JPG | https://www.ugr.es/~minpet/pages/docencia/opticamineral/paginas/bdamp.JPG | https://www.ugr.es/~minpet/pages/docencia/opticamineral/paginas/bdamp.JPG | https://www.ugr.es/~minpet/pages/docencia/opticamineral/paginas/bdamp.JPG | https://www.ugr.es/~minpet/pages/docencia/opticamineral/paginas/bdrest.JPG | https://www.ugr.es/~minpet/pages/docencia/opticamineral/paginas/bdimagpb.JPG | https://www.ugr.es/~minpet/pages/docencia/opticamineral/paginas/bdimagesta.JPG | https://www.ugr.es/~minpet/pages/docencia/opticamineral/paginas/bdimagotra.JPG | https://www.ugr.es/~minpet/pages/docencia/opticamineral/paginas/bdesc.JPG | https://www.ugr.es/~minpet/pages/docencia/opticamineral/paginas/bdsinesc.JPG | https://www.ugr.es/~minpet/pages/docencia/opticamineral/paginas/bdtitand.JPG | https://www.ugr.es/~minpet/pages/docencia/opticamineral/paginas/bdimagsil.JPG,"Base de datos. Sillimanita. (Mg,Fe)2SiO4 (Mg,Fe)2SiO4 Seleccione un nesosilicato Olivino Granate Andalucita Sillimanita Distena Cloritoide Estaurolita Titanita Zircón Sillimanita 
        fibrosa (fibrolita) Roca metamórfica Granate 
        rosado Roca metamórfica Sillimanita 
        prismática con partición Roca metamórfica Apatito Calcita Dolomita Espinela Rutilo Yeso ........................................... Seleccione 
    un mineral de la lista que se muestra a continuación SILLIMANITA Al 2 SiO 5 Hábito: prismático, 
              fibroso (c) (fibrolita) Exfoliación: (010) 
              perfecta, diagonal en basales; partición transversal Maclas: no Color/Pleocroismo: incoloro 
              (en secc. gruesas puede ser marrón) Relieve: medio 
              + Ng: 1,672-1,683 Nm: 1,657-1,662 Np: 1,653-1,661 Birrefringencia: 0,018-0,022 Color 
              de interferencia: 2 Ángulo 
              de extinción: 0 Signo 
              de elongación: positivo Tipo 
              óptico: biáxico Signo 
              Óptico: positivo 2V: 21-30 Otros 
              datos: Alteración: 
              sericita, pirofilita, miner. arcilla Distinción 
              de mullita difícil, requiere los parámetros reticulares 
              o absorción de infrarrojos. Seleccione 
    un mineral de la lista o elija un grupo de la izquierda ............................................ Andalucita Augita Biotita Cianita Clorita Cloritoide Cordierita Cuarzo Diopsido Epidota Estaurolita Glaucofana Granate Hauyna Hornblenda Leucita Microclina Nefelina Olivino Ortoanfíbol Ortopiroxeno Ortoclasa Oxihornblenda Plagioclasa Serpentina Sillimanita Talco Titanita Turmalina Zircón"
Talco,https://www.ugr.es/~minpet/pages/docencia/opticamineral/paginas/talco.htm,https://www.ugr.es/~minpet/pages/docencia/opticamineral/paginas/bdsil.JPG | https://www.ugr.es/~minpet/pages/docencia/opticamineral/paginas/bdnesop.JPG | https://www.ugr.es/~minpet/pages/docencia/opticamineral/paginas/bdcuadp.JPG | https://www.ugr.es/~minpet/pages/docencia/opticamineral/paginas/bdsorop.JPG | https://www.ugr.es/~minpet/pages/docencia/opticamineral/paginas/bdciclop.JPG | https://www.ugr.es/~minpet/pages/docencia/opticamineral/paginas/bdinop.JPG | https://www.ugr.es/~minpet/pages/docencia/opticamineral/paginas/bdfilopb.JPG | https://www.ugr.es/~minpet/pages/docencia/opticamineral/paginas/bdtectop.JPG | https://www.ugr.es/~minpet/pages/docencia/opticamineral/paginas/bdol.gif | https://www.ugr.es/~minpet/pages/docencia/opticamineral/paginas/inicio.JPG | https://www.ugr.es/~minpet/pages/docencia/opticamineral/paginas/propiedades.JPG | https://www.ugr.es/~minpet/pages/docencia/opticamineral/paginas/tutorial.JPG | https://www.ugr.es/~minpet/pages/docencia/opticamineral/paginas/identifica.JPG | https://www.ugr.es/~minpet/pages/docencia/opticamineral/paginas/nuevo-4R1C1.JPG | https://www.ugr.es/~minpet/pages/docencia/opticamineral/paginas/bdtalc.JPG | https://www.ugr.es/~minpet/pages/docencia/opticamineral/paginas/bdimagcom.JPG | https://www.ugr.es/~minpet/pages/docencia/opticamineral/paginas/bdimanal.JPG | https://www.ugr.es/~minpet/pages/docencia/opticamineral/paginas/bdcampfu.JPG | https://www.ugr.es/~minpet/pages/docencia/opticamineral/paginas/bdanalfub.JPG | https://www.ugr.es/~minpet/pages/docencia/opticamineral/paginas/bdanden.JPG | https://www.ugr.es/~minpet/pages/docencia/opticamineral/paginas/bdesc.JPG | https://www.ugr.es/~minpet/pages/docencia/opticamineral/paginas/bdamp.JPG | https://www.ugr.es/~minpet/pages/docencia/opticamineral/paginas/bdimmas.JPG | https://www.ugr.es/~minpet/pages/docencia/opticamineral/paginas/bdcampden.JPG | https://www.ugr.es/~minpet/pages/docencia/opticamineral/paginas/bdtit.JPG | https://www.ugr.es/~minpet/pages/docencia/opticamineral/paginas/bdandenb.JPG | https://www.ugr.es/~minpet/pages/docencia/opticamineral/paginas/bdanalfu.JPG | https://www.ugr.es/~minpet/pages/docencia/opticamineral/paginas/bdtalcx.JPG | https://www.ugr.es/~minpet/pages/docencia/opticamineral/paginas/bdsinesc.JPG | https://www.ugr.es/~minpet/pages/docencia/opticamineral/paginas/escsil2.JPG | https://www.ugr.es/~minpet/pages/docencia/opticamineral/paginas/bdol2.JPG | https://www.ugr.es/~minpet/pages/docencia/opticamineral/paginas/bdol2x.JPG | https://www.ugr.es/~minpet/pages/docencia/opticamineral/paginas/escol1.JPG | https://www.ugr.es/~minpet/pages/docencia/opticamineral/paginas/bdanalfub.JPG | https://www.ugr.es/~minpet/pages/docencia/opticamineral/paginas/bdanalfu.JPG | https://www.ugr.es/~minpet/pages/docencia/opticamineral/paginas/bdanden.JPG | https://www.ugr.es/~minpet/pages/docencia/opticamineral/paginas/bdandenb.JPG | https://www.ugr.es/~minpet/pages/docencia/opticamineral/paginas/bdmas3.JPG | https://www.ugr.es/~minpet/pages/docencia/opticamineral/paginas/bdmas2.JPG | https://www.ugr.es/~minpet/pages/docencia/opticamineral/paginas/bdmas1.JPG | https://www.ugr.es/~minpet/pages/docencia/opticamineral/paginas/bdmas0.JPG | https://www.ugr.es/~minpet/pages/docencia/opticamineral/paginas/bdol3.JPG | https://www.ugr.es/~minpet/pages/docencia/opticamineral/paginas/bdol3x.JPG | https://www.ugr.es/~minpet/pages/docencia/opticamineral/paginas/escol1.JPG | https://www.ugr.es/~minpet/pages/docencia/opticamineral/paginas/bdanalfub.JPG | https://www.ugr.es/~minpet/pages/docencia/opticamineral/paginas/bdanalfu.JPG | https://www.ugr.es/~minpet/pages/docencia/opticamineral/paginas/bdanden.JPG | https://www.ugr.es/~minpet/pages/docencia/opticamineral/paginas/bdandenb.JPG | https://www.ugr.es/~minpet/pages/docencia/opticamineral/paginas/bdamp.JPG | https://www.ugr.es/~minpet/pages/docencia/opticamineral/paginas/bdamp.JPG | https://www.ugr.es/~minpet/pages/docencia/opticamineral/paginas/bdamp.JPG | https://www.ugr.es/~minpet/pages/docencia/opticamineral/paginas/bdamp.JPG | https://www.ugr.es/~minpet/pages/docencia/opticamineral/paginas/bdamp.JPG | https://www.ugr.es/~minpet/pages/docencia/opticamineral/paginas/bdrest.JPG | https://www.ugr.es/~minpet/pages/docencia/opticamineral/paginas/bdimagpb.JPG | https://www.ugr.es/~minpet/pages/docencia/opticamineral/paginas/bdimagesta.JPG | https://www.ugr.es/~minpet/pages/docencia/opticamineral/paginas/bdimagotra.JPG | https://www.ugr.es/~minpet/pages/docencia/opticamineral/paginas/bdtitand.JPG | https://www.ugr.es/~minpet/pages/docencia/opticamineral/paginas/bdimagatal.JPG,"Base de datos. Talco. TALCO Mg 3 Si 4 O 10 (OH) 2 Hábito: agregados 
              fibrosos, laminar (001), grano fino Exfoliación: (001) 
              perfecta Maclas: rara Color/Pleocroismo: incoloro Relieve: medio 
              + Ng: 1,589-1,600 Nm: 1,589-1,594 Np: 1,539-1,550 Birrefringencia: 0,05 Color 
              de interferencia: 3 Ángulo 
              de extinción: 0 Signo 
              de elongación: positivo Tipo 
              óptico: biáxico 
              ps.uniax. Signo 
              Óptico: negativo 2V: 0-30 Otros 
              datos: Extinción 
              moteada y esencialmente paralela. Alteración: puede alterarse a clorita. (Mg,Fe)2SiO4 (Mg,Fe)2SiO4 Talco Roca metamórfica Olivino xenomorfo Roca plutónica Olivino idiomorfo Roca volcánica Apatito Calcita Dolomita Espinela Rutilo Yeso ........................................... Seleccione 
    un mineral de la lista que se muestra a continuación Seleccione un filosilicato Biotita Clorita Moscovita Serpentina Talco ............................................ Andalucita Augita Biotita Cianita Clorita Cloritoide Cordierita Cuarzo Diopsido Epidota Estaurolita Glaucofana Granate Hauyna Hornblenda Leucita Microclina Nefelina Olivino Ortoanfíbol Ortopiroxeno Ortoclasa Oxihornblenda Plagioclasa Serpentina Sillimanita Talco Titanita Turmalina Zircón Seleccione 
    un mineral de la lista o elija un grupo de la izquierda"
Titanita,https://www.ugr.es/~minpet/pages/docencia/opticamineral/paginas/titanita.htm,https://www.ugr.es/~minpet/pages/docencia/opticamineral/paginas/bdsil.JPG | https://www.ugr.es/~minpet/pages/docencia/opticamineral/paginas/bdnesopb.JPG | https://www.ugr.es/~minpet/pages/docencia/opticamineral/paginas/bdcuadp.JPG | https://www.ugr.es/~minpet/pages/docencia/opticamineral/paginas/bdsorop.JPG | https://www.ugr.es/~minpet/pages/docencia/opticamineral/paginas/bdciclop.JPG | https://www.ugr.es/~minpet/pages/docencia/opticamineral/paginas/bdinop.JPG | https://www.ugr.es/~minpet/pages/docencia/opticamineral/paginas/bdfilop.JPG | https://www.ugr.es/~minpet/pages/docencia/opticamineral/paginas/bdtectop.JPG | https://www.ugr.es/~minpet/pages/docencia/opticamineral/paginas/bdol.gif | https://www.ugr.es/~minpet/pages/docencia/opticamineral/paginas/inicio.JPG | https://www.ugr.es/~minpet/pages/docencia/opticamineral/paginas/propiedades.JPG | https://www.ugr.es/~minpet/pages/docencia/opticamineral/paginas/tutorial.JPG | https://www.ugr.es/~minpet/pages/docencia/opticamineral/paginas/identifica.JPG | https://www.ugr.es/~minpet/pages/docencia/opticamineral/paginas/nuevo-4R1C1.JPG | https://www.ugr.es/~minpet/pages/docencia/opticamineral/paginas/bdtit1.JPG | https://www.ugr.es/~minpet/pages/docencia/opticamineral/paginas/bdimagcom.JPG | https://www.ugr.es/~minpet/pages/docencia/opticamineral/paginas/bdimanal.JPG | https://www.ugr.es/~minpet/pages/docencia/opticamineral/paginas/bdcampfu.JPG | https://www.ugr.es/~minpet/pages/docencia/opticamineral/paginas/bdanalfub.JPG | https://www.ugr.es/~minpet/pages/docencia/opticamineral/paginas/bdanden.JPG | https://www.ugr.es/~minpet/pages/docencia/opticamineral/paginas/bdesc.JPG | https://www.ugr.es/~minpet/pages/docencia/opticamineral/paginas/bdamp.JPG | https://www.ugr.es/~minpet/pages/docencia/opticamineral/paginas/bdimmas.JPG | https://www.ugr.es/~minpet/pages/docencia/opticamineral/paginas/bdcampden.JPG | https://www.ugr.es/~minpet/pages/docencia/opticamineral/paginas/bdtit.JPG | https://www.ugr.es/~minpet/pages/docencia/opticamineral/paginas/bdandenb.JPG | https://www.ugr.es/~minpet/pages/docencia/opticamineral/paginas/bdanalfu.JPG | https://www.ugr.es/~minpet/pages/docencia/opticamineral/paginas/bdtit1x.JPG | https://www.ugr.es/~minpet/pages/docencia/opticamineral/paginas/bdsinesc.JPG | https://www.ugr.es/~minpet/pages/docencia/opticamineral/paginas/escsil1.JPG | https://www.ugr.es/~minpet/pages/docencia/opticamineral/paginas/bdgran3.JPG | https://www.ugr.es/~minpet/pages/docencia/opticamineral/paginas/bdgran3x.JPG | https://www.ugr.es/~minpet/pages/docencia/opticamineral/paginas/escol1.JPG | https://www.ugr.es/~minpet/pages/docencia/opticamineral/paginas/bdanalfub.JPG | https://www.ugr.es/~minpet/pages/docencia/opticamineral/paginas/bdanalfu.JPG | https://www.ugr.es/~minpet/pages/docencia/opticamineral/paginas/bdanden.JPG | https://www.ugr.es/~minpet/pages/docencia/opticamineral/paginas/bdandenb.JPG | https://www.ugr.es/~minpet/pages/docencia/opticamineral/paginas/bdmasil3.JPG | https://www.ugr.es/~minpet/pages/docencia/opticamineral/paginas/bdmasti2.JPG | https://www.ugr.es/~minpet/pages/docencia/opticamineral/paginas/bdmasti1.JPG | https://www.ugr.es/~minpet/pages/docencia/opticamineral/paginas/bdmas0.JPG | https://www.ugr.es/~minpet/pages/docencia/opticamineral/paginas/bdtit2.JPG | https://www.ugr.es/~minpet/pages/docencia/opticamineral/paginas/bdtit2x.JPG | https://www.ugr.es/~minpet/pages/docencia/opticamineral/paginas/escsil2.JPG | https://www.ugr.es/~minpet/pages/docencia/opticamineral/paginas/bdanalfub.JPG | https://www.ugr.es/~minpet/pages/docencia/opticamineral/paginas/bdanalfu.JPG | https://www.ugr.es/~minpet/pages/docencia/opticamineral/paginas/bdanden.JPG | https://www.ugr.es/~minpet/pages/docencia/opticamineral/paginas/bdandenb.JPG | https://www.ugr.es/~minpet/pages/docencia/opticamineral/paginas/bdamp.JPG | https://www.ugr.es/~minpet/pages/docencia/opticamineral/paginas/bdamp.JPG | https://www.ugr.es/~minpet/pages/docencia/opticamineral/paginas/bdamp.JPG | https://www.ugr.es/~minpet/pages/docencia/opticamineral/paginas/bdamp.JPG | https://www.ugr.es/~minpet/pages/docencia/opticamineral/paginas/bdamp.JPG | https://www.ugr.es/~minpet/pages/docencia/opticamineral/paginas/bdrest.JPG | https://www.ugr.es/~minpet/pages/docencia/opticamineral/paginas/bdimagpb.JPG | https://www.ugr.es/~minpet/pages/docencia/opticamineral/paginas/bdimagesta.JPG | https://www.ugr.es/~minpet/pages/docencia/opticamineral/paginas/bdimagotra.JPG | https://www.ugr.es/~minpet/pages/docencia/opticamineral/paginas/bdesc.JPG | https://www.ugr.es/~minpet/pages/docencia/opticamineral/paginas/bdsinesc.JPG | https://www.ugr.es/~minpet/pages/docencia/opticamineral/paginas/bdtitand.JPG | https://www.ugr.es/~minpet/pages/docencia/opticamineral/paginas/bdimagtit.JPG,"Base de datos. Titanita. (Mg,Fe)2SiO4 (Mg,Fe)2SiO4 Seleccione un nesosilicato Olivino Granate Andalucita Sillimanita Distena Cloritoide Estaurolita Titanita Zircón Titanita 
        maclada Roca metamórfica Granate 
        rosado Roca metamórfica Titanita 
        lenticular Roca metamórfica Apatito Calcita Dolomita Espinela Rutilo Yeso ........................................... Seleccione 
    un mineral de la lista que se muestra a continuación TITANITA CaTiSiO 5 Hábito: romboidal, 
              lenticular, tabular (001) Exfoliación: (110) 
              buena, poco visible; partición Maclas: común 
              (100) simple, rara (221) lamelar Color/Pleocroismo: marrón 
              pálido, amarillo, incoloro. Pleocr. débil a moderado, 
              Z>Y>X Relieve: extremo 
              + Ng: 1,943-2,110 Nm: 1,870-2,034 Np: 1,843-1,950 Birrefringencia: 0,100-0,192 Color 
              de interferencia: blanco 
              alto orden Ángulo 
              de extinción: 36-45 Signo 
              de elongación: Tipo 
              óptico: biáxico Signo 
              Óptico: positivo 2V: 17-40 Otros 
              datos: Alteración: 
              leucoxeno (anatasa, rutilo). Esfena (nombre desaconsejado) Seleccione 
    un mineral de la lista o elija un grupo de la izquierda ............................................ Andalucita Augita Biotita Cianita Clorita Cloritoide Cordierita Cuarzo Diopsido Epidota Estaurolita Glaucofana Granate Hauyna Hornblenda Leucita Microclina Nefelina Olivino Ortoanfíbol Ortopiroxeno Ortoclasa Oxihornblenda Plagioclasa Serpentina Sillimanita Talco Titanita Turmalina Zircón"
Turmalina,https://www.ugr.es/~minpet/pages/docencia/opticamineral/paginas/turmal.htm,https://www.ugr.es/~minpet/pages/docencia/opticamineral/paginas/bdsil.JPG | https://www.ugr.es/~minpet/pages/docencia/opticamineral/paginas/bdnesop.JPG | https://www.ugr.es/~minpet/pages/docencia/opticamineral/paginas/bdcuadp.JPG | https://www.ugr.es/~minpet/pages/docencia/opticamineral/paginas/bdsorop.JPG | https://www.ugr.es/~minpet/pages/docencia/opticamineral/paginas/bdciclopb.JPG | https://www.ugr.es/~minpet/pages/docencia/opticamineral/paginas/bdinop.JPG | https://www.ugr.es/~minpet/pages/docencia/opticamineral/paginas/bdfilop.JPG | https://www.ugr.es/~minpet/pages/docencia/opticamineral/paginas/bdtectop.JPG | https://www.ugr.es/~minpet/pages/docencia/opticamineral/paginas/bdol.gif | https://www.ugr.es/~minpet/pages/docencia/opticamineral/paginas/inicio.JPG | https://www.ugr.es/~minpet/pages/docencia/opticamineral/paginas/propiedades.JPG | https://www.ugr.es/~minpet/pages/docencia/opticamineral/paginas/tutorial.JPG | https://www.ugr.es/~minpet/pages/docencia/opticamineral/paginas/identifica.JPG | https://www.ugr.es/~minpet/pages/docencia/opticamineral/paginas/nuevo-4R1C1.JPG | https://www.ugr.es/~minpet/pages/docencia/opticamineral/paginas/bdtm1.jpg | https://www.ugr.es/~minpet/pages/docencia/opticamineral/paginas/bdimagcom.JPG | https://www.ugr.es/~minpet/pages/docencia/opticamineral/paginas/bdimanal.JPG | https://www.ugr.es/~minpet/pages/docencia/opticamineral/paginas/bdcampfu.JPG | https://www.ugr.es/~minpet/pages/docencia/opticamineral/paginas/bdanalfub.JPG | https://www.ugr.es/~minpet/pages/docencia/opticamineral/paginas/bdanden.JPG | https://www.ugr.es/~minpet/pages/docencia/opticamineral/paginas/bdesc.JPG | https://www.ugr.es/~minpet/pages/docencia/opticamineral/paginas/bdamp.JPG | https://www.ugr.es/~minpet/pages/docencia/opticamineral/paginas/bdimmas.JPG | https://www.ugr.es/~minpet/pages/docencia/opticamineral/paginas/bdcampden.JPG | https://www.ugr.es/~minpet/pages/docencia/opticamineral/paginas/bdtit.JPG | https://www.ugr.es/~minpet/pages/docencia/opticamineral/paginas/bdandenb.JPG | https://www.ugr.es/~minpet/pages/docencia/opticamineral/paginas/bdanalfu.JPG | https://www.ugr.es/~minpet/pages/docencia/opticamineral/paginas/bdtm1x.JPG | https://www.ugr.es/~minpet/pages/docencia/opticamineral/paginas/bdsinesc.JPG | https://www.ugr.es/~minpet/pages/docencia/opticamineral/paginas/escsil2.JPG | https://www.ugr.es/~minpet/pages/docencia/opticamineral/paginas/bdgran3.JPG | https://www.ugr.es/~minpet/pages/docencia/opticamineral/paginas/bdgran3x.JPG | https://www.ugr.es/~minpet/pages/docencia/opticamineral/paginas/escol1.JPG | https://www.ugr.es/~minpet/pages/docencia/opticamineral/paginas/bdanalfub.JPG | https://www.ugr.es/~minpet/pages/docencia/opticamineral/paginas/bdanalfu.JPG | https://www.ugr.es/~minpet/pages/docencia/opticamineral/paginas/bdanden.JPG | https://www.ugr.es/~minpet/pages/docencia/opticamineral/paginas/bdandenb.JPG | https://www.ugr.es/~minpet/pages/docencia/opticamineral/paginas/bdmasil3.JPG | https://www.ugr.es/~minpet/pages/docencia/opticamineral/paginas/bdmastm2.jpg | https://www.ugr.es/~minpet/pages/docencia/opticamineral/paginas/bdmastm1.JPG | https://www.ugr.es/~minpet/pages/docencia/opticamineral/paginas/bdmas0.JPG | https://www.ugr.es/~minpet/pages/docencia/opticamineral/paginas/bdtm2.JPG | https://www.ugr.es/~minpet/pages/docencia/opticamineral/paginas/bdtm2x.JPG | https://www.ugr.es/~minpet/pages/docencia/opticamineral/paginas/escol1.JPG | https://www.ugr.es/~minpet/pages/docencia/opticamineral/paginas/bdanalfub.JPG | https://www.ugr.es/~minpet/pages/docencia/opticamineral/paginas/bdanalfu.JPG | https://www.ugr.es/~minpet/pages/docencia/opticamineral/paginas/bdanden.JPG | https://www.ugr.es/~minpet/pages/docencia/opticamineral/paginas/bdandenb.JPG | https://www.ugr.es/~minpet/pages/docencia/opticamineral/paginas/bdamp.JPG | https://www.ugr.es/~minpet/pages/docencia/opticamineral/paginas/bdamp.JPG | https://www.ugr.es/~minpet/pages/docencia/opticamineral/paginas/bdamp.JPG | https://www.ugr.es/~minpet/pages/docencia/opticamineral/paginas/bdamp.JPG | https://www.ugr.es/~minpet/pages/docencia/opticamineral/paginas/bdamp.JPG | https://www.ugr.es/~minpet/pages/docencia/opticamineral/paginas/bdrest.JPG | https://www.ugr.es/~minpet/pages/docencia/opticamineral/paginas/bdimagpb.JPG | https://www.ugr.es/~minpet/pages/docencia/opticamineral/paginas/bdimagesta.JPG | https://www.ugr.es/~minpet/pages/docencia/opticamineral/paginas/bdimagotra.JPG | https://www.ugr.es/~minpet/pages/docencia/opticamineral/paginas/bdesc.JPG | https://www.ugr.es/~minpet/pages/docencia/opticamineral/paginas/bdsinesc.JPG | https://www.ugr.es/~minpet/pages/docencia/opticamineral/paginas/bdtitand.JPG | https://www.ugr.es/~minpet/pages/docencia/opticamineral/paginas/bdimagtm.JPG,"Base de datos. Turmalina. (Mg,Fe)2SiO4 (Mg,Fe)2SiO4 Seleccione un ciclosilicato Cordierita Turmalina Turmalina Roca metamórfica Granate 
        rosado Roca metamórfica Turmalina Roca metamórfica Apatito Calcita Dolomita Espinela Rutilo Yeso ........................................... Seleccione 
    un mineral de la lista que se muestra a continuación TURMALINA Na(Mg,Fe,Al,Li) 3 Al 6 Si 6 0 18 (BO 3 ) 3 (OH) 4 Hábito: prismático 
              o columnar (c), secc. basal hexagonal, granular Exfoliación: muy 
              pobres (11-20) y (10-11); partición (0001) Maclas: rara Color/Pleocroismo: verde, 
              marrón, azul, incoloro, rosado; zonación muy común. 
              Pleocrismo muy fuerte en turmalinas coloreadas, O>>E Relieve: medio 
              + Ng: 1,633-1,671 Nm: Np: 1,612...1,650 Birrefringencia: 0,017...0,035 Color 
              de interferencia: 1, 
              2 Ángulo 
              de extinción: 0 Signo 
              de elongación: negativo Tipo 
              óptico: un iáxico Signo 
              Óptico: negativo 2V: 0-10 
              (anómalo) Otros 
              datos: CHORLO 
              (Fe): verde, marrón, azul; 0,025-0,035. DRAVITA (Mg): marrón, amarillo, incoloro; 0,021-0,029. ELBAITA (Li): incoloro o rosado; 0,017-0,021. Alteración: micas, clorita Fe-Mg, cookeita. ............................................ Andalucita Augita Biotita Cianita Clorita Cloritoide Cordierita Cuarzo Diopsido Epidota Estaurolita Glaucofana Granate Hauyna Hornblenda Leucita Microclina Nefelina Olivino Ortoanfíbol Ortopiroxeno Ortoclasa Oxihornblenda Plagioclasa Serpentina Sillimanita Talco Titanita Turmalina Zircón Seleccione 
    un mineral de la lista o elija un grupo de la izquierda"
Zircón,https://www.ugr.es/~minpet/pages/docencia/opticamineral/paginas/zircon.htm,https://www.ugr.es/~minpet/pages/docencia/opticamineral/paginas/bdsil.JPG | https://www.ugr.es/~minpet/pages/docencia/opticamineral/paginas/bdnesopb.JPG | https://www.ugr.es/~minpet/pages/docencia/opticamineral/paginas/bdcuadp.JPG | https://www.ugr.es/~minpet/pages/docencia/opticamineral/paginas/bdsorop.JPG | https://www.ugr.es/~minpet/pages/docencia/opticamineral/paginas/bdciclop.JPG | https://www.ugr.es/~minpet/pages/docencia/opticamineral/paginas/bdinop.JPG | https://www.ugr.es/~minpet/pages/docencia/opticamineral/paginas/bdfilop.JPG | https://www.ugr.es/~minpet/pages/docencia/opticamineral/paginas/bdtectop.JPG | https://www.ugr.es/~minpet/pages/docencia/opticamineral/paginas/bdol.gif | https://www.ugr.es/~minpet/pages/docencia/opticamineral/paginas/inicio.JPG | https://www.ugr.es/~minpet/pages/docencia/opticamineral/paginas/propiedades.JPG | https://www.ugr.es/~minpet/pages/docencia/opticamineral/paginas/tutorial.JPG | https://www.ugr.es/~minpet/pages/docencia/opticamineral/paginas/identifica.JPG | https://www.ugr.es/~minpet/pages/docencia/opticamineral/paginas/nuevo-4R1C1.JPG | https://www.ugr.es/~minpet/pages/docencia/opticamineral/paginas/bdzir1.JPG | https://www.ugr.es/~minpet/pages/docencia/opticamineral/paginas/bdimagcom.JPG | https://www.ugr.es/~minpet/pages/docencia/opticamineral/paginas/bdimanal.JPG | https://www.ugr.es/~minpet/pages/docencia/opticamineral/paginas/bdcampfu.JPG | https://www.ugr.es/~minpet/pages/docencia/opticamineral/paginas/bdanalfub.JPG | https://www.ugr.es/~minpet/pages/docencia/opticamineral/paginas/bdanden.JPG | https://www.ugr.es/~minpet/pages/docencia/opticamineral/paginas/bdesc.JPG | https://www.ugr.es/~minpet/pages/docencia/opticamineral/paginas/bdamp.JPG | https://www.ugr.es/~minpet/pages/docencia/opticamineral/paginas/bdimmas.JPG | https://www.ugr.es/~minpet/pages/docencia/opticamineral/paginas/bdcampden.JPG | https://www.ugr.es/~minpet/pages/docencia/opticamineral/paginas/bdtit.JPG | https://www.ugr.es/~minpet/pages/docencia/opticamineral/paginas/bdandenb.JPG | https://www.ugr.es/~minpet/pages/docencia/opticamineral/paginas/bdanalfu.JPG | https://www.ugr.es/~minpet/pages/docencia/opticamineral/paginas/bdzir1x.JPG | https://www.ugr.es/~minpet/pages/docencia/opticamineral/paginas/bdsinesc.JPG | https://www.ugr.es/~minpet/pages/docencia/opticamineral/paginas/escsil1.JPG | https://www.ugr.es/~minpet/pages/docencia/opticamineral/paginas/bdol2.JPG | https://www.ugr.es/~minpet/pages/docencia/opticamineral/paginas/bdol2x.JPG | https://www.ugr.es/~minpet/pages/docencia/opticamineral/paginas/escol1.JPG | https://www.ugr.es/~minpet/pages/docencia/opticamineral/paginas/bdanalfub.JPG | https://www.ugr.es/~minpet/pages/docencia/opticamineral/paginas/bdanalfu.JPG | https://www.ugr.es/~minpet/pages/docencia/opticamineral/paginas/bdanden.JPG | https://www.ugr.es/~minpet/pages/docencia/opticamineral/paginas/bdandenb.JPG | https://www.ugr.es/~minpet/pages/docencia/opticamineral/paginas/bdmas3.JPG | https://www.ugr.es/~minpet/pages/docencia/opticamineral/paginas/bdmas2.JPG | https://www.ugr.es/~minpet/pages/docencia/opticamineral/paginas/bdmas1.JPG | https://www.ugr.es/~minpet/pages/docencia/opticamineral/paginas/bdmas0.JPG | https://www.ugr.es/~minpet/pages/docencia/opticamineral/paginas/bdol3.JPG | https://www.ugr.es/~minpet/pages/docencia/opticamineral/paginas/bdol3x.JPG | https://www.ugr.es/~minpet/pages/docencia/opticamineral/paginas/escol1.JPG | https://www.ugr.es/~minpet/pages/docencia/opticamineral/paginas/bdanalfub.JPG | https://www.ugr.es/~minpet/pages/docencia/opticamineral/paginas/bdanalfu.JPG | https://www.ugr.es/~minpet/pages/docencia/opticamineral/paginas/bdanden.JPG | https://www.ugr.es/~minpet/pages/docencia/opticamineral/paginas/bdandenb.JPG | https://www.ugr.es/~minpet/pages/docencia/opticamineral/paginas/bdamp.JPG | https://www.ugr.es/~minpet/pages/docencia/opticamineral/paginas/bdamp.JPG | https://www.ugr.es/~minpet/pages/docencia/opticamineral/paginas/bdamp.JPG | https://www.ugr.es/~minpet/pages/docencia/opticamineral/paginas/bdamp.JPG | https://www.ugr.es/~minpet/pages/docencia/opticamineral/paginas/bdamp.JPG | https://www.ugr.es/~minpet/pages/docencia/opticamineral/paginas/bdrest.JPG | https://www.ugr.es/~minpet/pages/docencia/opticamineral/paginas/bdimagpb.JPG | https://www.ugr.es/~minpet/pages/docencia/opticamineral/paginas/bdimagesta.JPG | https://www.ugr.es/~minpet/pages/docencia/opticamineral/paginas/bdimagotra.JPG | https://www.ugr.es/~minpet/pages/docencia/opticamineral/paginas/bdimag.JPG | https://www.ugr.es/~minpet/pages/docencia/opticamineral/paginas/bdimagzir.JPG,"Base de datos. Zircón. ZIRCÓN ZrSiO 4 Hábito: redondeado, 
              prismático corto (c) Exfoliación: (110) 
              pobre, muy poco visible Maclas: rara 
              (111) Color/Pleocroismo: incoloro, 
              marrón muy pálido. Pleocroismo ausente o muy débil, 
              E>O Relieve: extremo 
              + Ng: 1,961-2,015 Nm: Np: 1,922-1,960 Birrefringencia: 0,042...0,065 Color 
              de interferencia: 3, 
              4 Ángulo 
              de extinción: 0 Signo 
              de elongación: positivo Tipo 
              óptico: uniáxico Signo 
              Óptico: positivo 2V: 0 
              (10) anómalo Otros 
              datos: Generalm. 
              tamaño pequeño. Metamíctico: puede ser biáxico 
              y la birrefringencia disminuye en función del grado de metacmitización. (Mg,Fe)2SiO4 (Mg,Fe)2SiO4 Seleccione un nesosilicato Olivino Granate Andalucita Sillimanita Distena Zircón Roca metamórfica Olivino xenomorfo Roca plutónica Olivino idiomorfo Roca volcánica Apatito Calcita Dolomita Espinela Rutilo Yeso ........................................... Seleccione 
    un mineral de la lista que se muestra a continuación Seleccione 
    un mineral de la lista o elija un grupo de la izquierda ............................................ Andalucita Augita Biotita Cianita Clorita Cloritoide Cordierita Cuarzo Diopsido Epidota Estaurolita Glaucofana Granate Hauyna Hornblenda Leucita Microclina Nefelina Olivino Ortoanfíbol Ortopiroxeno Ortoclasa Oxihornblenda Plagioclasa Serpentina Sillimanita Talco Titanita Turmalina Zircón"
Apatito,https://www.ugr.es/~minpet/pages/docencia/opticamineral/paginas/apat.htm,https://www.ugr.es/~minpet/pages/docencia/opticamineral/paginas/bdsil.JPG | https://www.ugr.es/~minpet/pages/docencia/opticamineral/paginas/bdnesop.JPG | https://www.ugr.es/~minpet/pages/docencia/opticamineral/paginas/bdcuadp.JPG | https://www.ugr.es/~minpet/pages/docencia/opticamineral/paginas/bdsorop.JPG | https://www.ugr.es/~minpet/pages/docencia/opticamineral/paginas/bdciclop.JPG | https://www.ugr.es/~minpet/pages/docencia/opticamineral/paginas/bdinop.JPG | https://www.ugr.es/~minpet/pages/docencia/opticamineral/paginas/bdfilop.JPG | https://www.ugr.es/~minpet/pages/docencia/opticamineral/paginas/bdtectop.JPG | https://www.ugr.es/~minpet/pages/docencia/opticamineral/paginas/bdol.gif | https://www.ugr.es/~minpet/pages/docencia/opticamineral/paginas/inicio.JPG | https://www.ugr.es/~minpet/pages/docencia/opticamineral/paginas/propiedades.JPG | https://www.ugr.es/~minpet/pages/docencia/opticamineral/paginas/tutorial.JPG | https://www.ugr.es/~minpet/pages/docencia/opticamineral/paginas/identifica.JPG | https://www.ugr.es/~minpet/pages/docencia/opticamineral/paginas/nuevo-4R1C1.JPG | https://www.ugr.es/~minpet/pages/docencia/opticamineral/paginas/bdap.JPG | https://www.ugr.es/~minpet/pages/docencia/opticamineral/paginas/bdimagcom.JPG | https://www.ugr.es/~minpet/pages/docencia/opticamineral/paginas/bdimanal.JPG | https://www.ugr.es/~minpet/pages/docencia/opticamineral/paginas/bdcampfu.JPG | https://www.ugr.es/~minpet/pages/docencia/opticamineral/paginas/bdanalfub.JPG | https://www.ugr.es/~minpet/pages/docencia/opticamineral/paginas/bdanden.JPG | https://www.ugr.es/~minpet/pages/docencia/opticamineral/paginas/bdesc.JPG | https://www.ugr.es/~minpet/pages/docencia/opticamineral/paginas/bdamp.JPG | https://www.ugr.es/~minpet/pages/docencia/opticamineral/paginas/bdimmas.JPG | https://www.ugr.es/~minpet/pages/docencia/opticamineral/paginas/bdcampden.JPG | https://www.ugr.es/~minpet/pages/docencia/opticamineral/paginas/bdtit.JPG | https://www.ugr.es/~minpet/pages/docencia/opticamineral/paginas/bdandenb.JPG | https://www.ugr.es/~minpet/pages/docencia/opticamineral/paginas/bdanalfu.JPG | https://www.ugr.es/~minpet/pages/docencia/opticamineral/paginas/bdapx.JPG | https://www.ugr.es/~minpet/pages/docencia/opticamineral/paginas/bdsinesc.JPG | https://www.ugr.es/~minpet/pages/docencia/opticamineral/paginas/escsil2.JPG | https://www.ugr.es/~minpet/pages/docencia/opticamineral/paginas/bdol2.JPG | https://www.ugr.es/~minpet/pages/docencia/opticamineral/paginas/bdol2x.JPG | https://www.ugr.es/~minpet/pages/docencia/opticamineral/paginas/escol1.JPG | https://www.ugr.es/~minpet/pages/docencia/opticamineral/paginas/bdanalfub.JPG | https://www.ugr.es/~minpet/pages/docencia/opticamineral/paginas/bdanalfu.JPG | https://www.ugr.es/~minpet/pages/docencia/opticamineral/paginas/bdanden.JPG | https://www.ugr.es/~minpet/pages/docencia/opticamineral/paginas/bdandenb.JPG | https://www.ugr.es/~minpet/pages/docencia/opticamineral/paginas/bdmas3.JPG | https://www.ugr.es/~minpet/pages/docencia/opticamineral/paginas/bdmas2.JPG | https://www.ugr.es/~minpet/pages/docencia/opticamineral/paginas/bdmas1.JPG | https://www.ugr.es/~minpet/pages/docencia/opticamineral/paginas/bdmas0.JPG | https://www.ugr.es/~minpet/pages/docencia/opticamineral/paginas/bdol3.JPG | https://www.ugr.es/~minpet/pages/docencia/opticamineral/paginas/bdol3x.JPG | https://www.ugr.es/~minpet/pages/docencia/opticamineral/paginas/escol1.JPG | https://www.ugr.es/~minpet/pages/docencia/opticamineral/paginas/bdanalfub.JPG | https://www.ugr.es/~minpet/pages/docencia/opticamineral/paginas/bdanalfu.JPG | https://www.ugr.es/~minpet/pages/docencia/opticamineral/paginas/bdanden.JPG | https://www.ugr.es/~minpet/pages/docencia/opticamineral/paginas/bdandenb.JPG | https://www.ugr.es/~minpet/pages/docencia/opticamineral/paginas/bdamp.JPG | https://www.ugr.es/~minpet/pages/docencia/opticamineral/paginas/bdamp.JPG | https://www.ugr.es/~minpet/pages/docencia/opticamineral/paginas/bdamp.JPG | https://www.ugr.es/~minpet/pages/docencia/opticamineral/paginas/bdamp.JPG | https://www.ugr.es/~minpet/pages/docencia/opticamineral/paginas/bdamp.JPG | https://www.ugr.es/~minpet/pages/docencia/opticamineral/paginas/bdrest.JPG | https://www.ugr.es/~minpet/pages/docencia/opticamineral/paginas/bdimagpb.JPG | https://www.ugr.es/~minpet/pages/docencia/opticamineral/paginas/bdimagesta.JPG | https://www.ugr.es/~minpet/pages/docencia/opticamineral/paginas/bdimagotra.JPG | https://www.ugr.es/~minpet/pages/docencia/opticamineral/paginas/bdtitand.JPG | https://www.ugr.es/~minpet/pages/docencia/opticamineral/paginas/bdimagap.JPG,"Base de datos. Apatito. APATITO Ca 5 (PO 4 ) 3 (F,OH,Cl) Hábito: prismático 
              (c), basal hexagonal Exfoliación: (0001) 
              y (10-10) pobres Maclas: rara Color/Pleocroismo: incoloro 
              (raro amarillento). Pleocroismo ausente o débil, E>O Relieve: medio 
              + Ng: 1,629-1,667 Nm: Np: 1,624-1,666 Birrefringencia: 0,001-0,007 Color 
              de interferencia: 1 Ángulo 
              de extinción: 0 Signo 
              de elongación: negativo Tipo 
              óptico: uniáxico Signo 
              Óptico: negativo 2V: 0-20 
              anóm. Otros 
              datos: Birrefringencia 
              mínima en fluor-apatito y máxima en hidroxi-apatito. 
              COLOFANA: variedad criptocrist., puede aparecer isótropa. Seleccione 
      un silicato de esta lista o elija 
      uno de los grupos que aparecen en el margen izquierdo (Mg,Fe)2SiO4 (Mg,Fe)2SiO4 Augita Andalucita Biotita Cianita Clorita Cloritoide Cordierita Cuarzo Diopsido Epidota Estaurolita Glaucofana Granate Hauyna Hornblenda Leucita Microclina Nefelina Olivino Ortoanfíbol Ortopiroxeno Ortoclasa Oxihornblenda Plagioclasa Rutilo Serpentina Sillimanita Talco Titanita Turmalina Zircón ............................................ Apatito Roca plutónica Olivino xenomorfo Roca plutónica Olivino idiomorfo Roca volcánica Apatito Calcita Dolomita Espinela Rutilo Yeso ........................................... Seleccione 
    un mineral de la lista que se muestra a continuación"
Calcita,https://www.ugr.es/~minpet/pages/docencia/opticamineral/paginas/calcita.htm,https://www.ugr.es/~minpet/pages/docencia/opticamineral/paginas/bdsil.JPG | https://www.ugr.es/~minpet/pages/docencia/opticamineral/paginas/bdnesop.JPG | https://www.ugr.es/~minpet/pages/docencia/opticamineral/paginas/bdcuadp.JPG | https://www.ugr.es/~minpet/pages/docencia/opticamineral/paginas/bdsorop.JPG | https://www.ugr.es/~minpet/pages/docencia/opticamineral/paginas/bdciclop.JPG | https://www.ugr.es/~minpet/pages/docencia/opticamineral/paginas/bdinop.JPG | https://www.ugr.es/~minpet/pages/docencia/opticamineral/paginas/bdfilop.JPG | https://www.ugr.es/~minpet/pages/docencia/opticamineral/paginas/bdtectop.JPG | https://www.ugr.es/~minpet/pages/docencia/opticamineral/paginas/bdol.gif | https://www.ugr.es/~minpet/pages/docencia/opticamineral/paginas/inicio.JPG | https://www.ugr.es/~minpet/pages/docencia/opticamineral/paginas/propiedades.JPG | https://www.ugr.es/~minpet/pages/docencia/opticamineral/paginas/tutorial.JPG | https://www.ugr.es/~minpet/pages/docencia/opticamineral/paginas/identifica.JPG | https://www.ugr.es/~minpet/pages/docencia/opticamineral/paginas/nuevo-4R1C1.JPG | https://www.ugr.es/~minpet/pages/docencia/opticamineral/paginas/bdcal.JPG | https://www.ugr.es/~minpet/pages/docencia/opticamineral/paginas/bdimagcom.JPG | https://www.ugr.es/~minpet/pages/docencia/opticamineral/paginas/bdimanal.JPG | https://www.ugr.es/~minpet/pages/docencia/opticamineral/paginas/bdcampfu.JPG | https://www.ugr.es/~minpet/pages/docencia/opticamineral/paginas/bdanalfub.JPG | https://www.ugr.es/~minpet/pages/docencia/opticamineral/paginas/bdanden.JPG | https://www.ugr.es/~minpet/pages/docencia/opticamineral/paginas/bdesc.JPG | https://www.ugr.es/~minpet/pages/docencia/opticamineral/paginas/bdamp.JPG | https://www.ugr.es/~minpet/pages/docencia/opticamineral/paginas/bdimmas.JPG | https://www.ugr.es/~minpet/pages/docencia/opticamineral/paginas/bdcampden.JPG | https://www.ugr.es/~minpet/pages/docencia/opticamineral/paginas/bdtit.JPG | https://www.ugr.es/~minpet/pages/docencia/opticamineral/paginas/bdandenb.JPG | https://www.ugr.es/~minpet/pages/docencia/opticamineral/paginas/bdanalfu.JPG | https://www.ugr.es/~minpet/pages/docencia/opticamineral/paginas/bdcalx.JPG | https://www.ugr.es/~minpet/pages/docencia/opticamineral/paginas/bdsinesc.JPG | https://www.ugr.es/~minpet/pages/docencia/opticamineral/paginas/escol1.JPG | https://www.ugr.es/~minpet/pages/docencia/opticamineral/paginas/bdol2.JPG | https://www.ugr.es/~minpet/pages/docencia/opticamineral/paginas/bdol2x.JPG | https://www.ugr.es/~minpet/pages/docencia/opticamineral/paginas/escol1.JPG | https://www.ugr.es/~minpet/pages/docencia/opticamineral/paginas/bdanalfub.JPG | https://www.ugr.es/~minpet/pages/docencia/opticamineral/paginas/bdanalfu.JPG | https://www.ugr.es/~minpet/pages/docencia/opticamineral/paginas/bdanden.JPG | https://www.ugr.es/~minpet/pages/docencia/opticamineral/paginas/bdandenb.JPG | https://www.ugr.es/~minpet/pages/docencia/opticamineral/paginas/bdmas3.JPG | https://www.ugr.es/~minpet/pages/docencia/opticamineral/paginas/bdmas2.JPG | https://www.ugr.es/~minpet/pages/docencia/opticamineral/paginas/bdmas1.JPG | https://www.ugr.es/~minpet/pages/docencia/opticamineral/paginas/bdmas0.JPG | https://www.ugr.es/~minpet/pages/docencia/opticamineral/paginas/bdol3.JPG | https://www.ugr.es/~minpet/pages/docencia/opticamineral/paginas/bdol3x.JPG | https://www.ugr.es/~minpet/pages/docencia/opticamineral/paginas/escol1.JPG | https://www.ugr.es/~minpet/pages/docencia/opticamineral/paginas/bdanalfub.JPG | https://www.ugr.es/~minpet/pages/docencia/opticamineral/paginas/bdanalfu.JPG | https://www.ugr.es/~minpet/pages/docencia/opticamineral/paginas/bdanden.JPG | https://www.ugr.es/~minpet/pages/docencia/opticamineral/paginas/bdandenb.JPG | https://www.ugr.es/~minpet/pages/docencia/opticamineral/paginas/bdamp.JPG | https://www.ugr.es/~minpet/pages/docencia/opticamineral/paginas/bdamp.JPG | https://www.ugr.es/~minpet/pages/docencia/opticamineral/paginas/bdamp.JPG | https://www.ugr.es/~minpet/pages/docencia/opticamineral/paginas/bdamp.JPG | https://www.ugr.es/~minpet/pages/docencia/opticamineral/paginas/bdamp.JPG | https://www.ugr.es/~minpet/pages/docencia/opticamineral/paginas/bdrest.JPG | https://www.ugr.es/~minpet/pages/docencia/opticamineral/paginas/bdimagpb.JPG | https://www.ugr.es/~minpet/pages/docencia/opticamineral/paginas/bdimagesta.JPG | https://www.ugr.es/~minpet/pages/docencia/opticamineral/paginas/bdimagotra.JPG | https://www.ugr.es/~minpet/pages/docencia/opticamineral/paginas/bdtitand.JPG | https://www.ugr.es/~minpet/pages/docencia/opticamineral/paginas/bdimagcal.JPG,"Base de datos. Calcita. CALCITA CaCO 3 Hábito: muy 
              variable: granular, romboedro, masivo, esferulítico, etc Exfoliación: (10-11) 
              romboédrica perfecta Maclas: (01-12) 
              lamelar muy común; (0001) lamelar común Color/Pleocroismo: incoloro 
              (irisaciones) Relieve: bajo-medio 
              -/+ Ng: 1,658-1,74 Nm: Np: 1,486-1,55 Birrefringencia: 0,172-0,19 Color 
              de interferencia: blanco 
              alto orden Ángulo 
              de extinción: Signo 
              de elongación: Tipo 
              óptico: uniáxico Signo 
              Óptico: negativo 2V: 0-15 
              anóm. Otros 
              datos: Calcita 
              pura: Ng=1,658; Np=1,486; birr=0,172. Extinción simétrica según exfoliación. Maclas (01-12) dan estrías II a borde y diagonal mayor del 
              rombo de exfoliación y forman ángulo >55° con 
              E´. Seleccione 
      un silicato de esta lista o elija 
      uno de los grupos que aparecen en el margen izquierdo (Mg,Fe)2SiO4 (Mg,Fe)2SiO4 Augita Andalucita Biotita Cianita Clorita Cloritoide Cordierita Cuarzo Diopsido Epidota Estaurolita Glaucofana Granate Hauyna Hornblenda Leucita Microclina Nefelina Olivino Ortoanfíbol Ortopiroxeno Ortoclasa Oxihornblenda Plagioclasa Rutilo Serpentina Sillimanita Talco Titanita Turmalina Zircón ............................................ Calcita Roca metamórfica Olivino xenomorfo Roca plutónica Olivino idiomorfo Roca volcánica Apatito Calcita Dolomita Espinela Rutilo Yeso ........................................... Seleccione 
    un mineral de la lista que se muestra a continuación"
Dolomita,https://www.ugr.es/~minpet/pages/docencia/opticamineral/paginas/dolom.htm,https://www.ugr.es/~minpet/pages/docencia/opticamineral/paginas/bdsil.JPG | https://www.ugr.es/~minpet/pages/docencia/opticamineral/paginas/bdnesop.JPG | https://www.ugr.es/~minpet/pages/docencia/opticamineral/paginas/bdcuadp.JPG | https://www.ugr.es/~minpet/pages/docencia/opticamineral/paginas/bdsorop.JPG | https://www.ugr.es/~minpet/pages/docencia/opticamineral/paginas/bdciclop.JPG | https://www.ugr.es/~minpet/pages/docencia/opticamineral/paginas/bdinop.JPG | https://www.ugr.es/~minpet/pages/docencia/opticamineral/paginas/bdfilop.JPG | https://www.ugr.es/~minpet/pages/docencia/opticamineral/paginas/bdtectop.JPG | https://www.ugr.es/~minpet/pages/docencia/opticamineral/paginas/bdol.gif | https://www.ugr.es/~minpet/pages/docencia/opticamineral/paginas/inicio.JPG | https://www.ugr.es/~minpet/pages/docencia/opticamineral/paginas/propiedades.JPG | https://www.ugr.es/~minpet/pages/docencia/opticamineral/paginas/tutorial.JPG | https://www.ugr.es/~minpet/pages/docencia/opticamineral/paginas/identifica.JPG | https://www.ugr.es/~minpet/pages/docencia/opticamineral/paginas/nuevo-4R1C1.JPG | https://www.ugr.es/~minpet/pages/docencia/opticamineral/paginas/bddolo.JPG | https://www.ugr.es/~minpet/pages/docencia/opticamineral/paginas/bdimagcom.JPG | https://www.ugr.es/~minpet/pages/docencia/opticamineral/paginas/bdimanal.JPG | https://www.ugr.es/~minpet/pages/docencia/opticamineral/paginas/bdcampfu.JPG | https://www.ugr.es/~minpet/pages/docencia/opticamineral/paginas/bdanalfub.JPG | https://www.ugr.es/~minpet/pages/docencia/opticamineral/paginas/bdanden.JPG | https://www.ugr.es/~minpet/pages/docencia/opticamineral/paginas/bdesc.JPG | https://www.ugr.es/~minpet/pages/docencia/opticamineral/paginas/bdamp.JPG | https://www.ugr.es/~minpet/pages/docencia/opticamineral/paginas/bdimmas.JPG | https://www.ugr.es/~minpet/pages/docencia/opticamineral/paginas/bdcampden.JPG | https://www.ugr.es/~minpet/pages/docencia/opticamineral/paginas/bdtit.JPG | https://www.ugr.es/~minpet/pages/docencia/opticamineral/paginas/bdandenb.JPG | https://www.ugr.es/~minpet/pages/docencia/opticamineral/paginas/bdanalfu.JPG | https://www.ugr.es/~minpet/pages/docencia/opticamineral/paginas/bddolox.JPG | https://www.ugr.es/~minpet/pages/docencia/opticamineral/paginas/bdsinesc.JPG | https://www.ugr.es/~minpet/pages/docencia/opticamineral/paginas/escol1.JPG | https://www.ugr.es/~minpet/pages/docencia/opticamineral/paginas/bdol2.JPG | https://www.ugr.es/~minpet/pages/docencia/opticamineral/paginas/bdol2x.JPG | https://www.ugr.es/~minpet/pages/docencia/opticamineral/paginas/escol1.JPG | https://www.ugr.es/~minpet/pages/docencia/opticamineral/paginas/bdanalfub.JPG | https://www.ugr.es/~minpet/pages/docencia/opticamineral/paginas/bdanalfu.JPG | https://www.ugr.es/~minpet/pages/docencia/opticamineral/paginas/bdanden.JPG | https://www.ugr.es/~minpet/pages/docencia/opticamineral/paginas/bdandenb.JPG | https://www.ugr.es/~minpet/pages/docencia/opticamineral/paginas/bdmas3.JPG | https://www.ugr.es/~minpet/pages/docencia/opticamineral/paginas/bdmas2.JPG | https://www.ugr.es/~minpet/pages/docencia/opticamineral/paginas/bdmas1.JPG | https://www.ugr.es/~minpet/pages/docencia/opticamineral/paginas/bdmas0.JPG | https://www.ugr.es/~minpet/pages/docencia/opticamineral/paginas/bdol3.JPG | https://www.ugr.es/~minpet/pages/docencia/opticamineral/paginas/bdol3x.JPG | https://www.ugr.es/~minpet/pages/docencia/opticamineral/paginas/escol1.JPG | https://www.ugr.es/~minpet/pages/docencia/opticamineral/paginas/bdanalfub.JPG | https://www.ugr.es/~minpet/pages/docencia/opticamineral/paginas/bdanalfu.JPG | https://www.ugr.es/~minpet/pages/docencia/opticamineral/paginas/bdanden.JPG | https://www.ugr.es/~minpet/pages/docencia/opticamineral/paginas/bdandenb.JPG | https://www.ugr.es/~minpet/pages/docencia/opticamineral/paginas/bdamp.JPG | https://www.ugr.es/~minpet/pages/docencia/opticamineral/paginas/bdamp.JPG | https://www.ugr.es/~minpet/pages/docencia/opticamineral/paginas/bdamp.JPG | https://www.ugr.es/~minpet/pages/docencia/opticamineral/paginas/bdamp.JPG | https://www.ugr.es/~minpet/pages/docencia/opticamineral/paginas/bdamp.JPG | https://www.ugr.es/~minpet/pages/docencia/opticamineral/paginas/bdrest.JPG | https://www.ugr.es/~minpet/pages/docencia/opticamineral/paginas/bdimagpb.JPG | https://www.ugr.es/~minpet/pages/docencia/opticamineral/paginas/bdimagesta.JPG | https://www.ugr.es/~minpet/pages/docencia/opticamineral/paginas/bdimagotra.JPG | https://www.ugr.es/~minpet/pages/docencia/opticamineral/paginas/bdtitand.JPG | https://www.ugr.es/~minpet/pages/docencia/opticamineral/paginas/bdimagdolo.JPG,"Base de datos. Dolomita. DOLOMITA CaCO 3 Hábito: granular, 
              romboédrico, (columnar) Exfoliación: (10-11) 
              romboédrica perfecta Maclas: común 
              simple (0001), (10-10) y (11-20); múltiple (02-21) Color/Pleocroismo: incoloro 
              (irisaciones). Pleocroismo ausente (efecto de falso ""pleocroismo 
              de relieve"") Relieve: bajo-medio 
              -/+ Ng: 1,679...1,703 Nm: Np: 1,500...1,520 Birrefringencia: 0,179...0,185 Color 
              de interferencia: blanco 
              alto orden Ángulo 
              de extinción: Signo 
              de elongación: Tipo 
              óptico: uniáxico Signo 
              Óptico: negativo 2V: 0 
              anóm. Otros 
              datos: Extinción 
              simétrica según exfoliación. Maclas (02-21) dan estrías II a diagonal menor y mayor del 
              rombo de exfoliación y forman 20-40° con E´. Dolomita pura: Ng=1,679; Np=1,500; birr=0,179. Seleccione 
      un silicato de esta lista o elija 
      uno de los grupos que aparecen en el margen izquierdo (Mg,Fe)2SiO4 (Mg,Fe)2SiO4 Augita Andalucita Biotita Cianita Clorita Cloritoide Cordierita Cuarzo Diopsido Epidota Estaurolita Glaucofana Granate Hauyna Hornblenda Leucita Microclina Nefelina Olivino Ortoanfíbol Ortopiroxeno Ortoclasa Oxihornblenda Plagioclasa Rutilo Serpentina Sillimanita Talco Titanita Turmalina Zircón ............................................ Dolomita Roca metamórfica Olivino xenomorfo Roca plutónica Olivino idiomorfo Roca volcánica Apatito Calcita Dolomita Espinela Rutilo Yeso ........................................... Seleccione 
    un mineral de la lista que se muestra a continuación"
Espinela,https://www.ugr.es/~minpet/pages/docencia/opticamineral/paginas/espin.htm,https://www.ugr.es/~minpet/pages/docencia/opticamineral/paginas/bdsil.JPG | https://www.ugr.es/~minpet/pages/docencia/opticamineral/paginas/bdnesop.JPG | https://www.ugr.es/~minpet/pages/docencia/opticamineral/paginas/bdcuadp.JPG | https://www.ugr.es/~minpet/pages/docencia/opticamineral/paginas/bdsorop.JPG | https://www.ugr.es/~minpet/pages/docencia/opticamineral/paginas/bdciclop.JPG | https://www.ugr.es/~minpet/pages/docencia/opticamineral/paginas/bdinop.JPG | https://www.ugr.es/~minpet/pages/docencia/opticamineral/paginas/bdfilop.JPG | https://www.ugr.es/~minpet/pages/docencia/opticamineral/paginas/bdtectop.JPG | https://www.ugr.es/~minpet/pages/docencia/opticamineral/paginas/bdol.gif | https://www.ugr.es/~minpet/pages/docencia/opticamineral/paginas/inicio.JPG | https://www.ugr.es/~minpet/pages/docencia/opticamineral/paginas/propiedades.JPG | https://www.ugr.es/~minpet/pages/docencia/opticamineral/paginas/tutorial.JPG | https://www.ugr.es/~minpet/pages/docencia/opticamineral/paginas/identifica.JPG | https://www.ugr.es/~minpet/pages/docencia/opticamineral/paginas/nuevo-4R1C1.JPG | https://www.ugr.es/~minpet/pages/docencia/opticamineral/paginas/bdespi.JPG | https://www.ugr.es/~minpet/pages/docencia/opticamineral/paginas/bdimagcom.JPG | https://www.ugr.es/~minpet/pages/docencia/opticamineral/paginas/bdimanal.JPG | https://www.ugr.es/~minpet/pages/docencia/opticamineral/paginas/bdcampfu.JPG | https://www.ugr.es/~minpet/pages/docencia/opticamineral/paginas/bdanalfub.JPG | https://www.ugr.es/~minpet/pages/docencia/opticamineral/paginas/bdanden.JPG | https://www.ugr.es/~minpet/pages/docencia/opticamineral/paginas/bdesc.JPG | https://www.ugr.es/~minpet/pages/docencia/opticamineral/paginas/bdamp.JPG | https://www.ugr.es/~minpet/pages/docencia/opticamineral/paginas/bdimmas.JPG | https://www.ugr.es/~minpet/pages/docencia/opticamineral/paginas/bdcampden.JPG | https://www.ugr.es/~minpet/pages/docencia/opticamineral/paginas/bdtit.JPG | https://www.ugr.es/~minpet/pages/docencia/opticamineral/paginas/bdandenb.JPG | https://www.ugr.es/~minpet/pages/docencia/opticamineral/paginas/bdanalfu.JPG | https://www.ugr.es/~minpet/pages/docencia/opticamineral/paginas/bdespix.JPG | https://www.ugr.es/~minpet/pages/docencia/opticamineral/paginas/bdsinesc.JPG | https://www.ugr.es/~minpet/pages/docencia/opticamineral/paginas/escol1.JPG | https://www.ugr.es/~minpet/pages/docencia/opticamineral/paginas/bdol2.JPG | https://www.ugr.es/~minpet/pages/docencia/opticamineral/paginas/bdol2x.JPG | https://www.ugr.es/~minpet/pages/docencia/opticamineral/paginas/escol1.JPG | https://www.ugr.es/~minpet/pages/docencia/opticamineral/paginas/bdanalfub.JPG | https://www.ugr.es/~minpet/pages/docencia/opticamineral/paginas/bdanalfu.JPG | https://www.ugr.es/~minpet/pages/docencia/opticamineral/paginas/bdanden.JPG | https://www.ugr.es/~minpet/pages/docencia/opticamineral/paginas/bdandenb.JPG | https://www.ugr.es/~minpet/pages/docencia/opticamineral/paginas/bdmas3.JPG | https://www.ugr.es/~minpet/pages/docencia/opticamineral/paginas/bdmas2.JPG | https://www.ugr.es/~minpet/pages/docencia/opticamineral/paginas/bdmas1.JPG | https://www.ugr.es/~minpet/pages/docencia/opticamineral/paginas/bdmas0.JPG | https://www.ugr.es/~minpet/pages/docencia/opticamineral/paginas/bdol3.JPG | https://www.ugr.es/~minpet/pages/docencia/opticamineral/paginas/bdol3x.JPG | https://www.ugr.es/~minpet/pages/docencia/opticamineral/paginas/escol1.JPG | https://www.ugr.es/~minpet/pages/docencia/opticamineral/paginas/bdanalfub.JPG | https://www.ugr.es/~minpet/pages/docencia/opticamineral/paginas/bdanalfu.JPG | https://www.ugr.es/~minpet/pages/docencia/opticamineral/paginas/bdanden.JPG | https://www.ugr.es/~minpet/pages/docencia/opticamineral/paginas/bdandenb.JPG | https://www.ugr.es/~minpet/pages/docencia/opticamineral/paginas/bdamp.JPG | https://www.ugr.es/~minpet/pages/docencia/opticamineral/paginas/bdamp.JPG | https://www.ugr.es/~minpet/pages/docencia/opticamineral/paginas/bdamp.JPG | https://www.ugr.es/~minpet/pages/docencia/opticamineral/paginas/bdamp.JPG | https://www.ugr.es/~minpet/pages/docencia/opticamineral/paginas/bdamp.JPG | https://www.ugr.es/~minpet/pages/docencia/opticamineral/paginas/bdrest.JPG | https://www.ugr.es/~minpet/pages/docencia/opticamineral/paginas/bdimagpb.JPG | https://www.ugr.es/~minpet/pages/docencia/opticamineral/paginas/bdimagesta.JPG | https://www.ugr.es/~minpet/pages/docencia/opticamineral/paginas/bdimagotra.JPG | https://www.ugr.es/~minpet/pages/docencia/opticamineral/paginas/bdtitand.JPG | https://www.ugr.es/~minpet/pages/docencia/opticamineral/paginas/bdimagesp.JPG,"Base de datos. Espinela. ESPINELA (Mg,Fe,Zn,Mn)(Al,Cr) 2 O 4 Hábito: octaédrico, 
              cúbico, granular Exfoliación: no; 
              partición (111) Maclas: (111) 
              común, generalm. no visible Color/Pleocroismo: incoloro, 
              marrón, verde, azul, casi negro u opaco Relieve: muy 
              alto + Ng: 1,715-1,98 Nm: Np: Birrefringencia: 0 Color 
              de interferencia: Ángulo 
              de extinción: Signo 
              de elongación: Tipo 
              óptico: isótropo Signo 
              Óptico: 2V: Otros 
              datos: ESPINELA 
              (Mg;Al): incoloro; N=1,72. PLEONASTA (Mg-Fe;Al): verde-azul. HERCINITA 
              (Fe;Al): verde oscuro-negro; N=1,835. PICOTITA (Mg-Fe,Cr): marrón, 
              N=1,98. GAHNITA (Zn;Al): verde-azul oscuro, N=1,805. GALAXITA (Mn;Al):negro;N=1,92. Seleccione 
      un silicato de esta lista o elija 
      uno de los grupos que aparecen en el margen izquierdo (Mg,Fe)2SiO4 (Mg,Fe)2SiO4 Augita Andalucita Biotita Cianita Clorita Cloritoide Cordierita Cuarzo Diopsido Epidota Estaurolita Glaucofana Granate Hauyna Hornblenda Leucita Microclina Nefelina Olivino Ortoanfíbol Ortopiroxeno Ortoclasa Oxihornblenda Plagioclasa Rutilo Serpentina Sillimanita Talco Titanita Turmalina Zircón ............................................ Espinela Roca metamórfica Olivino xenomorfo Roca plutónica Olivino idiomorfo Roca volcánica Apatito Calcita Dolomita Espinela Rutilo Yeso ........................................... Seleccione 
    un mineral de la lista que se muestra a continuación"
Rutilo,https://www.ugr.es/~minpet/pages/docencia/opticamineral/paginas/rut.htm,https://www.ugr.es/~minpet/pages/docencia/opticamineral/paginas/bdsil.JPG | https://www.ugr.es/~minpet/pages/docencia/opticamineral/paginas/bdnesop.JPG | https://www.ugr.es/~minpet/pages/docencia/opticamineral/paginas/bdcuadp.JPG | https://www.ugr.es/~minpet/pages/docencia/opticamineral/paginas/bdsorop.JPG | https://www.ugr.es/~minpet/pages/docencia/opticamineral/paginas/bdciclop.JPG | https://www.ugr.es/~minpet/pages/docencia/opticamineral/paginas/bdinop.JPG | https://www.ugr.es/~minpet/pages/docencia/opticamineral/paginas/bdfilop.JPG | https://www.ugr.es/~minpet/pages/docencia/opticamineral/paginas/bdtectop.JPG | https://www.ugr.es/~minpet/pages/docencia/opticamineral/paginas/bdol.gif | https://www.ugr.es/~minpet/pages/docencia/opticamineral/paginas/inicio.JPG | https://www.ugr.es/~minpet/pages/docencia/opticamineral/paginas/propiedades.JPG | https://www.ugr.es/~minpet/pages/docencia/opticamineral/paginas/tutorial.JPG | https://www.ugr.es/~minpet/pages/docencia/opticamineral/paginas/identifica.JPG | https://www.ugr.es/~minpet/pages/docencia/opticamineral/paginas/nuevo-4R1C1.JPG | https://www.ugr.es/~minpet/pages/docencia/opticamineral/paginas/bdrut.JPG | https://www.ugr.es/~minpet/pages/docencia/opticamineral/paginas/bdimagcom.JPG | https://www.ugr.es/~minpet/pages/docencia/opticamineral/paginas/bdimanal.JPG | https://www.ugr.es/~minpet/pages/docencia/opticamineral/paginas/bdcampfu.JPG | https://www.ugr.es/~minpet/pages/docencia/opticamineral/paginas/bdanalfub.JPG | https://www.ugr.es/~minpet/pages/docencia/opticamineral/paginas/bdanden.JPG | https://www.ugr.es/~minpet/pages/docencia/opticamineral/paginas/bdesc.JPG | https://www.ugr.es/~minpet/pages/docencia/opticamineral/paginas/bdamp.JPG | https://www.ugr.es/~minpet/pages/docencia/opticamineral/paginas/bdimmas.JPG | https://www.ugr.es/~minpet/pages/docencia/opticamineral/paginas/bdcampden.JPG | https://www.ugr.es/~minpet/pages/docencia/opticamineral/paginas/bdtit.JPG | https://www.ugr.es/~minpet/pages/docencia/opticamineral/paginas/bdandenb.JPG | https://www.ugr.es/~minpet/pages/docencia/opticamineral/paginas/bdanalfu.JPG | https://www.ugr.es/~minpet/pages/docencia/opticamineral/paginas/bdrutx.JPG | https://www.ugr.es/~minpet/pages/docencia/opticamineral/paginas/bdsinesc.JPG | https://www.ugr.es/~minpet/pages/docencia/opticamineral/paginas/escsil2.JPG | https://www.ugr.es/~minpet/pages/docencia/opticamineral/paginas/bdol2.JPG | https://www.ugr.es/~minpet/pages/docencia/opticamineral/paginas/bdol2x.JPG | https://www.ugr.es/~minpet/pages/docencia/opticamineral/paginas/escol1.JPG | https://www.ugr.es/~minpet/pages/docencia/opticamineral/paginas/bdanalfub.JPG | https://www.ugr.es/~minpet/pages/docencia/opticamineral/paginas/bdanalfu.JPG | https://www.ugr.es/~minpet/pages/docencia/opticamineral/paginas/bdanden.JPG | https://www.ugr.es/~minpet/pages/docencia/opticamineral/paginas/bdandenb.JPG | https://www.ugr.es/~minpet/pages/docencia/opticamineral/paginas/bdmas3.JPG | https://www.ugr.es/~minpet/pages/docencia/opticamineral/paginas/bdmas2.JPG | https://www.ugr.es/~minpet/pages/docencia/opticamineral/paginas/bdmas1.JPG | https://www.ugr.es/~minpet/pages/docencia/opticamineral/paginas/bdmas0.JPG | https://www.ugr.es/~minpet/pages/docencia/opticamineral/paginas/bdol3.JPG | https://www.ugr.es/~minpet/pages/docencia/opticamineral/paginas/bdol3x.JPG | https://www.ugr.es/~minpet/pages/docencia/opticamineral/paginas/escol1.JPG | https://www.ugr.es/~minpet/pages/docencia/opticamineral/paginas/bdanalfub.JPG | https://www.ugr.es/~minpet/pages/docencia/opticamineral/paginas/bdanalfu.JPG | https://www.ugr.es/~minpet/pages/docencia/opticamineral/paginas/bdanden.JPG | https://www.ugr.es/~minpet/pages/docencia/opticamineral/paginas/bdandenb.JPG | https://www.ugr.es/~minpet/pages/docencia/opticamineral/paginas/bdamp.JPG | https://www.ugr.es/~minpet/pages/docencia/opticamineral/paginas/bdamp.JPG | https://www.ugr.es/~minpet/pages/docencia/opticamineral/paginas/bdamp.JPG | https://www.ugr.es/~minpet/pages/docencia/opticamineral/paginas/bdamp.JPG | https://www.ugr.es/~minpet/pages/docencia/opticamineral/paginas/bdamp.JPG | https://www.ugr.es/~minpet/pages/docencia/opticamineral/paginas/bdrest.JPG | https://www.ugr.es/~minpet/pages/docencia/opticamineral/paginas/bdimagpb.JPG | https://www.ugr.es/~minpet/pages/docencia/opticamineral/paginas/bdimagesta.JPG | https://www.ugr.es/~minpet/pages/docencia/opticamineral/paginas/bdimagotra.JPG | https://www.ugr.es/~minpet/pages/docencia/opticamineral/paginas/bdtitand.JPG | https://www.ugr.es/~minpet/pages/docencia/opticamineral/paginas/bdimagrut.JPG,"Base de datos. Rutilo. RUTILO TiO 2 Hábito: prismático 
              (100) y (110), (acicular, granular) Exfoliación: (110) 
              buena, (100) moderada; partición (011) y (092) Maclas: (011) 
              común, simple o cíclica; otras menos comunes Color/Pleocroismo: marrón 
              amarillento, marrón rojizo. Pleocroismo generalm. débil 
              E>O Relieve: extremo 
              + Ng: 2,899-2,901 Nm: Np: 2,605-2,613 Birrefringencia: 0,286-0,294 Color 
              de interferencia: alto 
              orden Ángulo 
              de extinción: 0 Signo 
              de elongación: positivo Tipo 
              óptico: uniáxico Signo 
              Óptico: positivo 2V: 0-10 
              anóm.. Otros 
              datos: Puede 
              ser anómalo biáxico con 2V pequeño (hasta 10°). 
              Fuerte dispersión de la birrefringencia. Puede mostrar zonación Seleccione 
      un silicato de esta lista o elija 
      uno de los grupos que aparecen en el margen izquierdo (Mg,Fe)2SiO4 (Mg,Fe)2SiO4 Augita Andalucita Biotita Cianita Clorita Cloritoide Cordierita Cuarzo Diopsido Epidota Estaurolita Glaucofana Granate Hauyna Hornblenda Leucita Microclina Nefelina Olivino Ortoanfíbol Ortopiroxeno Ortoclasa Oxihornblenda Plagioclasa Rutilo Serpentina Sillimanita Talco Titanita Turmalina Zircón ............................................ Rutilo Roca metamórfica Olivino xenomorfo Roca plutónica Olivino idiomorfo Roca volcánica Apatito Calcita Dolomita Espinela Rutilo Yeso ........................................... Seleccione 
    un mineral de la lista que se muestra a continuación"
Yeso,https://www.ugr.es/~minpet/pages/docencia/opticamineral/paginas/Yeso.htm,,404 Not Found Not Found The requested URL /~minpet/pages/docencia/opticamineral/paginas/Yeso.htm was not found on this server.
